玩家名,行,列,用时/秒,时间,UNIX时间戳
村野沙耶香,14,10,'1.16,Sun Jun 29 2025 03:27:16 GMT+0800 (中国标准时间),1751138836
村野沙耶香,14,10,'1.17,Sun Jun 29 2025 03:27:26 GMT+0800 (中国标准时间),1751138846
村野沙耶香,14,10,'2.27,Sun Jun 29 2025 03:27:40 GMT+0800 (中国标准时间),1751138860
村野沙耶香,14,10,'1.23,Sun Jun 29 2025 03:27:45 GMT+0800 (中国标准时间),1751138865
村野沙耶香,14,10,'1.06,Sun Jun 29 2025 03:27:51 GMT+0800 (中国标准时间),1751138871
村野沙耶香,14,10,'1.07,Sun Jun 29 2025 03:27:56 GMT+0800 (中国标准时间),1751138876
村野沙耶香,14,10,'0.99,Sun Jun 29 2025 03:28:04 GMT+0800 (中国标准时间),1751138884
塞拉斯·柳田·利林费尔德,14,10,'2.92,Sun Jun 29 2025 03:59:20 GMT+0800 (中国标准时间),1751140760
塞拉斯·柳田·利林费尔德,14,10,'1.67,Sun Jun 29 2025 04:01:15 GMT+0800 (中国标准时间),1751140875
塞拉斯·柳田·利林费尔德,14,10,'2.50,Sun Jun 29 2025 04:01:23 GMT+0800 (中国标准时间),1751140883
塞拉斯·柳田·利林费尔德,14,10,'1.21,Sun Jun 29 2025 04:01:27 GMT+0800 (中国标准时间),1751140887
百生吟子,14,10,'1.60,Mon Jun 30 2025 01:09:11 GMT+0800 (中国标准时间),1751216951
wsjw,14,10,'1.95,Mon Jun 30 2025 10:43:44 GMT+0800 (中国标准时间),1751251424
塞拉斯·柳田·利林费尔德,14,10,'2.33,Mon Jun 30 2025 11:29:35 GMT+0800 (中国标准时间),1751254175
夕雾缀理,14,10,'2.43,Mon Jun 30 2025 15:19:50 GMT+0800 (中国标准时间),1751267990
百生吟子,14,10,'1.37,Tue Jul 01 2025 18:00:37 GMT+0800 (中国标准时间),1751364037
百生吟子,14,10,'2.35,Tue Jul 01 2025 18:00:48 GMT+0800 (中国标准时间),1751364048
村野沙耶香,14,10,'1.12,Tue Jul 01 2025 22:16:44 GMT+0800 (香港標準時間),1751379404
乙宗梢,14,10,'2.01,Wed Jul 02 2025 17:57:50 GMT+0800 (中国标准时间),1751450270
乙宗梢,14,10,'1.32,Wed Jul 02 2025 17:58:02 GMT+0800 (中国标准时间),1751450282
乙宗梢,14,10,'1.13,Wed Jul 02 2025 17:58:10 GMT+0800 (中国标准时间),1751450290
乙宗梢,20,14,'1.78,Wed Jul 02 2025 17:58:17 GMT+0800 (中国标准时间),1751450297
乙宗梢,20,14,'1.81,Wed Jul 02 2025 17:58:26 GMT+0800 (中国标准时间),1751450306
乙宗梢,90,90,'21.36,Wed Jul 02 2025 17:59:02 GMT+0800 (中国标准时间),1751450342
乙宗梢,14,14,'1.01,Wed Jul 02 2025 17:59:15 GMT+0800 (中国标准时间),1751450355
乙宗梢,14,14,'1.25,Wed Jul 02 2025 17:59:21 GMT+0800 (中国标准时间),1751450361
大泽瑠璃乃,14,10,'2.73,Wed Jul 02 2025 21:10:05 GMT+0800 (中国标准时间),1751461805
安养寺姬芽,14,10,'2.24,Thu Jul 03 2025 16:29:42 GMT+0800 (中国标准时间),1751531382
塞拉斯·柳田·利林费尔德,20,14,'1.47,Thu Jul 03 2025 20:45:32 GMT+0800 (中国标准时间),1751546732
安养寺姬芽,14,10,'1.80,Fri Jul 04 2025 14:56:52 GMT+0800 (中國標準時間),1751612212
百生吟子,14,10,'2.01,Fri Jul 04 2025 15:11:10 GMT+0800 (中国标准时间),1751613070
百生吟子,14,10,'2.01,Fri Jul 04 2025 18:11:15 GMT+0800 (中国标准时间),1751623875
百生吟子,14,10,'2.58,Fri Jul 04 2025 18:11:30 GMT+0800 (中国标准时间),1751623890
藤岛慈,14,10,'2.07,Fri Jul 04 2025 20:56:29 GMT+0800 (中国标准时间),1751633789
村野沙耶香,14,10,'2.48,Sat Jul 05 2025 08:55:18 GMT+0800 (中国标准时间),1751676918
村野沙耶香,14,10,'1.12,Sat Jul 05 2025 11:44:04 GMT+0800 (中国标准时间),1751687044
村野沙耶香,14,10,'1.56,Sat Jul 05 2025 14:12:13 GMT+0800 (中国标准时间),1751695933
村野沙耶香,14,10,'2.41,Sat Jul 05 2025 14:12:40 GMT+0800 (中国标准时间),1751695960
爸爸,14,10,'1.46,Sat Jul 05 2025 14:13:05 GMT+0800 (中国标准时间),1751695985
运气好,14,10,'1.57,Sat Jul 05 2025 23:59:32 GMT+0800 (中国标准时间),1751731172
运气好,20,14,'4.65,Sun Jul 06 2025 00:01:00 GMT+0800 (中国标准时间),1751731260
运气好,14,14,'1.45,Sun Jul 06 2025 00:01:26 GMT+0800 (中国标准时间),1751731286
运气好,14,10,'1.61,Sun Jul 06 2025 00:04:39 GMT+0800 (中国标准时间),1751731479
运气好,14,14,'3.43,Sun Jul 06 2025 00:05:31 GMT+0800 (中国标准时间),1751731531
运气好,50,50,'7.36,Sun Jul 06 2025 00:07:35 GMT+0800 (中国标准时间),1751731655
运气好,50,50,'3.30,Sun Jul 06 2025 00:07:53 GMT+0800 (中国标准时间),1751731673
运气好,50,50,'1.78,Sun Jul 06 2025 00:08:01 GMT+0800 (中国标准时间),1751731681
运气好,100,100,'26.85,Sun Jul 06 2025 00:09:21 GMT+0800 (中国标准时间),1751731761
安养寺姬芽,14,10,'2.22,Sun Jul 06 2025 10:32:00 GMT+0800 (中国标准时间),1751769120
安养寺姬芽,14,10,'0.84,Sun Jul 06 2025 10:32:24 GMT+0800 (中国标准时间),1751769144
乙宗梢,14,10,'2.22,Sun Jul 06 2025 14:07:45 GMT+0800 (中国标准时间),1751782065
白金燐子,20,14,'5.96,Sun Jul 06 2025 22:34:24 GMT+0800 (CST),1751812464
鲨馥,14,10,'1.07,Mon Jul 07 2025 13:47:19 GMT+0800 (中国标准时间),1751867239
鲨馥,14,10,'1.97,Mon Jul 07 2025 13:47:38 GMT+0800 (中国标准时间),1751867258
鲨馥,14,10,'1.33,Mon Jul 07 2025 13:48:02 GMT+0800 (中国标准时间),1751867282
塞拉斯·柳田·利林费尔德,14,10,'1.36,Mon Jul 07 2025 19:11:18 GMT+0800 (中国标准时间),1751886678
村野沙耶香,14,10,'1.31,Mon Jul 07 2025 20:16:30 GMT+0800 (中国标准时间),1751890590
塞拉斯·柳田·利林费尔德,14,10,'1.09,Mon Jul 07 2025 21:34:29 GMT+0800 (中国标准时间),1751895269
藤岛慈,14,10,'2.12,Tue Jul 08 2025 20:57:50 GMT+0800 (中国标准时间),1751979470
煊,14,10,'2.85,Wed Jul 09 2025 03:31:27 GMT+0800 (中国标准时间),1752003087
煊,14,10,'2.97,Wed Jul 09 2025 03:33:16 GMT+0800 (中国标准时间),1752003196
不愿透露姓名的牛先生,14,10,'2.11,Wed Jul 09 2025 16:05:29 GMT+0800 (中国标准时间),1752048329
不愿透露姓名的牛先生,14,10,'1.75,Wed Jul 09 2025 16:06:31 GMT+0800 (中国标准时间),1752048391
hiss,20,14,'2.04,Thu Jul 10 2025 06:10:12 GMT+0800 (中国标准时间),1752099012
hiss,20,14,'1.83,Thu Jul 10 2025 06:11:05 GMT+0800 (中国标准时间),1752099065
hiss,20,14,'0.81,Thu Jul 10 2025 06:11:32 GMT+0800 (中国标准时间),1752099092
ttt,14,14,'1.22,Thu Jul 10 2025 13:32:40 GMT+0800 (中国标准时间),1752125560
单字單,20,14,'2.64,Thu Jul 10 2025 14:44:36 GMT+0800 (中国标准时间),1752129876
单字單,20,14,'1.49,Thu Jul 10 2025 14:44:59 GMT+0800 (中国标准时间),1752129899
单字單,20,14,'1.52,Thu Jul 10 2025 14:45:08 GMT+0800 (中国标准时间),1752129908
乙宗梢,14,10,'1.84,Thu Jul 10 2025 16:15:54 GMT+0800 (中国标准时间),1752135354
乙宗梢,14,10,'2.25,Thu Jul 10 2025 16:16:15 GMT+0800 (中国标准时间),1752135375
美丽,14,10,'1.45,Thu Jul 10 2025 19:09:52 GMT+0800 (中国标准时间),1752145792
美丽,14,10,'1.52,Thu Jul 10 2025 19:10:14 GMT+0800 (中国标准时间),1752145814
美丽,14,10,'1.65,Thu Jul 10 2025 19:10:25 GMT+0800 (中国标准时间),1752145825
美丽,14,10,'2.91,Thu Jul 10 2025 19:10:46 GMT+0800 (中国标准时间),1752145846
日野下花帆,14,10,'2.62,Thu Jul 10 2025 19:42:18 GMT+0800 (中国标准时间),1752147738
666,14,10,'2.32,Fri Jul 11 2025 02:27:40 GMT+0800 (中国标准时间),1752172060
鲨馥,14,10,'1.94,Fri Jul 11 2025 10:47:34 GMT+0800 (中国标准时间),1752202054
鲨馥,14,10,'1.38,Fri Jul 11 2025 10:48:22 GMT+0800 (中国标准时间),1752202102
乙宗梢,14,10,'2.94,Fri Jul 11 2025 21:48:29 GMT+0800 (中国标准时间),1752241709
乙宗梢,14,10,'1.55,Fri Jul 11 2025 21:48:38 GMT+0800 (中国标准时间),1752241718
乙宗梢,20,14,'4.49,Fri Jul 11 2025 21:48:58 GMT+0800 (中国标准时间),1752241738
大泽瑠璃乃,14,10,'2.92,Sat Jul 12 2025 19:21:43 GMT+0800 (中国标准时间),1752319303
百生吟子,20,14,'4.36,Sat Jul 12 2025 22:37:34 GMT+0800 (中国标准时间),1752331054
徒町小铃,14,10,'2.03,Sat Jul 12 2025 23:55:08 GMT+0800 (中国标准时间),1752335708
日野下花帆,14,10,'1.15,Sat Jul 12 2025 23:55:40 GMT+0800 (中国标准时间),1752335740
日野下花帆,14,10,'1.21,Sat Jul 12 2025 23:55:47 GMT+0800 (中国标准时间),1752335747
日野下花帆,14,10,'0.94,Sat Jul 12 2025 23:55:52 GMT+0800 (中国标准时间),1752335752
日野下花帆,14,10,'1.06,Sat Jul 12 2025 23:56:04 GMT+0800 (中国标准时间),1752335764
日野下花帆,14,10,'0.99,Sat Jul 12 2025 23:56:08 GMT+0800 (中国标准时间),1752335768
日野下花帆,14,10,'0.95,Sat Jul 12 2025 23:56:13 GMT+0800 (中国标准时间),1752335773
日野下花帆,14,10,'1.00,Sat Jul 12 2025 23:56:23 GMT+0800 (中国标准时间),1752335783
日野下花帆,14,10,'1.05,Sat Jul 12 2025 23:56:27 GMT+0800 (中国标准时间),1752335787
日野下花帆,14,10,'0.98,Sat Jul 12 2025 23:56:31 GMT+0800 (中国标准时间),1752335791
日野下花帆,20,14,'1.03,Sat Jul 12 2025 23:56:50 GMT+0800 (中国标准时间),1752335810
日野下花帆,20,14,'1.03,Sat Jul 12 2025 23:56:54 GMT+0800 (中国标准时间),1752335814
日野下花帆,20,14,'1.19,Sat Jul 12 2025 23:56:59 GMT+0800 (中国标准时间),1752335819
日野下花帆,20,14,'0.98,Sat Jul 12 2025 23:57:04 GMT+0800 (中国标准时间),1752335824
百生吟子,14,10,'2.44,Sun Jul 13 2025 19:31:44 GMT+0800 (中国标准时间),1752406304
李嘉,14,10,'1.29,Sun Jul 13 2025 23:00:43 GMT+0800 (中国标准时间),1752418843
李嘉,14,10,'1.00,Sun Jul 13 2025 23:02:58 GMT+0800 (中国标准时间),1752418978
李嘉我来了,20,14,'1.14,Sun Jul 13 2025 23:03:31 GMT+0800 (中国标准时间),1752419011
ysz,14,10,'1.72,Mon Jul 14 2025 17:38:17 GMT+0800 (中国标准时间),1752485897
ysz,14,10,'0.95,Mon Jul 14 2025 17:38:35 GMT+0800 (中国标准时间),1752485915
ysz,14,10,'0.98,Mon Jul 14 2025 17:38:45 GMT+0800 (中国标准时间),1752485925
ysz,14,10,'0.98,Mon Jul 14 2025 17:39:02 GMT+0800 (中国标准时间),1752485942
ysz,20,14,'1.21,Mon Jul 14 2025 17:39:07 GMT+0800 (中国标准时间),1752485947
ysz,20,14,'2.47,Mon Jul 14 2025 17:39:18 GMT+0800 (中国标准时间),1752485958
ysz,20,14,'0.87,Mon Jul 14 2025 17:39:22 GMT+0800 (中国标准时间),1752485962
ysz,20,14,'1.80,Mon Jul 14 2025 17:39:27 GMT+0800 (中国标准时间),1752485967
c,20,14,'3.66,Tue Jul 15 2025 01:36:38 GMT+0800 (中国标准时间),1752514598
大泽瑠璃乃,14,10,'2.68,Tue Jul 15 2025 17:19:45 GMT+0800 (中国标准时间),1752571185
安养寺姬芽,14,10,'2.09,Tue Jul 15 2025 20:02:22 GMT+0800 (中国标准时间),1752580942
桂城泉,20,14,'4.03,Thu Jul 17 2025 00:56:57 GMT+0800 (中国标准时间),1752685017
村野沙耶香,14,10,'2.05,Thu Jul 17 2025 02:05:26 GMT+0800 (中国标准时间),1752689126
大泽瑠璃乃,14,10,'2.71,Thu Jul 17 2025 15:14:04 GMT+0800 (中国标准时间),1752736444
大泽瑠璃乃,14,10,'2.27,Thu Jul 17 2025 15:14:40 GMT+0800 (中国标准时间),1752736480
大泽瑠璃乃,14,10,'2.95,Thu Jul 17 2025 15:15:15 GMT+0800 (中国标准时间),1752736515
夕雾缀理,14,10,'2.19,Fri Jul 18 2025 10:33:29 GMT+0800 (中国标准时间),1752806009
爱玩魔方,20,14,'1.30,Fri Jul 18 2025 14:00:36 GMT+0800 (中国标准时间),1752818436
村野沙耶香,14,10,'1.84,Fri Jul 18 2025 22:36:48 GMT+0800 (中国标准时间),1752849408
乙宗梢,14,10,'2.87,Sat Jul 19 2025 03:00:40 GMT+0800 (中国标准时间),1752865240
乙宗梢,14,10,'1.43,Sat Jul 19 2025 20:13:04 GMT+0800 (中国标准时间),1752927184
零落晖,14,10,'1.92,Sat Jul 19 2025 21:06:48 GMT+0800 (中国标准时间),1752930408
塞拉斯·柳田·利林费尔德,14,10,'1.91,Sun Jul 20 2025 16:47:48 GMT+0800 (中国标准时间),1753001268
徒町小铃,14,10,'1.91,Sun Jul 20 2025 21:51:03 GMT+0800 (中国标准时间),1753019463
徒町小铃,14,10,'2.47,Sun Jul 20 2025 21:52:15 GMT+0800 (中国标准时间),1753019535
塞拉斯,20,14,'2.89,Mon Jul 21 2025 14:27:11 GMT+0800 (中国标准时间),1753079231
塞拉斯,20,14,'1.81,Mon Jul 21 2025 14:28:12 GMT+0800 (中国标准时间),1753079292
塞拉斯,20,14,'3.14,Mon Jul 21 2025 14:28:19 GMT+0800 (中国标准时间),1753079299
刘浩成,100,100,'7.87,Mon Jul 21 2025 14:29:42 GMT+0800 (中国标准时间),1753079382
徒町小铃,14,10,'2.82,Mon Jul 21 2025 14:37:49 GMT+0800 (中国标准时间),1753079869
已经,14,10,'2.11,Mon Jul 21 2025 16:19:44 GMT+0800 (中国标准时间),1753085984
百生吟子,14,10,'2.00,Mon Jul 21 2025 16:21:20 GMT+0800 (中国标准时间),1753086080
小孤独,14,10,'2.30,Mon Jul 21 2025 16:50:06 GMT+0800 (GMT+08:00),1753087806
小孤独,14,10,'1.93,Mon Jul 21 2025 16:50:28 GMT+0800 (GMT+08:00),1753087828
小孤独,5,10,'1.05,Mon Jul 21 2025 16:50:48 GMT+0800 (GMT+08:00),1753087848
小孤独,5,10,'0.90,Mon Jul 21 2025 16:51:02 GMT+0800 (GMT+08:00),1753087862
小孤独,5,10,'0.78,Mon Jul 21 2025 16:51:07 GMT+0800 (GMT+08:00),1753087867
小孤独,5,10,'1.05,Mon Jul 21 2025 16:51:13 GMT+0800 (GMT+08:00),1753087873
小孤独,5,10,'0.89,Mon Jul 21 2025 16:51:18 GMT+0800 (GMT+08:00),1753087878
小孤独,20,14,'3.30,Mon Jul 21 2025 16:51:26 GMT+0800 (GMT+08:00),1753087886
小孤独,20,14,'1.25,Mon Jul 21 2025 16:51:31 GMT+0800 (GMT+08:00),1753087891
小孤独,20,14,'1.71,Mon Jul 21 2025 16:51:37 GMT+0800 (GMT+08:00),1753087897
小孤独,20,14,'1.24,Mon Jul 21 2025 16:51:42 GMT+0800 (GMT+08:00),1753087902
小孤独,20,14,'0.93,Mon Jul 21 2025 16:51:47 GMT+0800 (GMT+08:00),1753087907
小孤独,20,14,'4.14,Mon Jul 21 2025 16:51:52 GMT+0800 (GMT+08:00),1753087912
小孤独,20,14,'2.40,Mon Jul 21 2025 16:51:59 GMT+0800 (GMT+08:00),1753087919
小孤独,14,14,'1.26,Mon Jul 21 2025 16:52:28 GMT+0800 (GMT+08:00),1753087948
啦啦啦,20,14,'5.12,Mon Jul 21 2025 22:16:22 GMT+0800 (中国标准时间),1753107382
啦啦啦,20,14,'2.91,Mon Jul 21 2025 22:16:39 GMT+0800 (中国标准时间),1753107399
啦啦啦,20,14,'2.53,Mon Jul 21 2025 22:16:47 GMT+0800 (中国标准时间),1753107407
啦啦啦,20,14,'2.01,Mon Jul 21 2025 22:17:06 GMT+0800 (中国标准时间),1753107426
乙宗梢,14,10,'2.41,Mon Jul 21 2025 23:55:47 GMT+0800 (中国标准时间),1753113347
徒町小铃,14,10,'2.60,Tue Jul 22 2025 07:54:04 GMT+0800 (中国标准时间),1753142044
徒町小铃,14,10,'2.75,Tue Jul 22 2025 07:54:29 GMT+0800 (中国标准时间),1753142069
徒町小铃,14,10,'2.66,Tue Jul 22 2025 07:54:44 GMT+0800 (中国标准时间),1753142084
徒町小铃,14,10,'2.39,Tue Jul 22 2025 07:54:51 GMT+0800 (中国标准时间),1753142091
徒町小铃,14,10,'1.27,Tue Jul 22 2025 07:54:56 GMT+0800 (中国标准时间),1753142096
徒町小铃,14,10,'2.78,Tue Jul 22 2025 07:55:23 GMT+0800 (中国标准时间),1753142123
徒町小铃,14,10,'1.48,Tue Jul 22 2025 07:55:34 GMT+0800 (中国标准时间),1753142134
徒町小铃,14,10,'2.26,Tue Jul 22 2025 07:55:40 GMT+0800 (中国标准时间),1753142140
徒町小铃,14,10,'1.47,Tue Jul 22 2025 07:55:45 GMT+0800 (中国标准时间),1753142145
徒町小铃,14,10,'1.20,Tue Jul 22 2025 07:55:49 GMT+0800 (中国标准时间),1753142149
徒町小铃,14,10,'2.54,Tue Jul 22 2025 08:32:06 GMT+0800 (中国标准时间),1753144326
徒町小铃,14,10,'2.67,Tue Jul 22 2025 08:33:31 GMT+0800 (中国标准时间),1753144411
夕雾缀理,14,10,'1.82,Tue Jul 22 2025 09:10:24 GMT+0800 (中国标准时间),1753146624
弈双,14,10,'2.16,Tue Jul 22 2025 19:41:27 GMT+0800 (中国标准时间),1753184487
弈双,14,10,'1.22,Tue Jul 22 2025 19:42:20 GMT+0800 (中国标准时间),1753184540
弈双,14,10,'1.08,Tue Jul 22 2025 19:43:00 GMT+0800 (中国标准时间),1753184580
乙宗梢,14,10,'1.60,Tue Jul 22 2025 21:25:53 GMT+0800 (中国标准时间),1753190753
乙宗梢,14,10,'1.58,Tue Jul 22 2025 21:26:03 GMT+0800 (中国标准时间),1753190763
akun,20,14,'1.19,Wed Jul 23 2025 10:50:35 GMT+0800 (中国标准时间),1753239035
akun,20,14,'4.78,Wed Jul 23 2025 10:51:21 GMT+0800 (中国标准时间),1753239081
百生吟子,14,10,'1.83,Wed Jul 23 2025 11:59:05 GMT+0800 (中国标准时间),1753243145
百生吟子,14,10,'2.41,Wed Jul 23 2025 12:01:27 GMT+0800 (中国标准时间),1753243287
百生吟子,14,10,'1.84,Wed Jul 23 2025 13:18:08 GMT+0800 (中国标准时间),1753247888
日野下花帆,14,10,'2.88,Wed Jul 23 2025 15:17:03 GMT+0800 (中国标准时间),1753255023
日野下花帆,14,10,'1.02,Wed Jul 23 2025 15:17:10 GMT+0800 (中国标准时间),1753255030
日野下花帆,14,10,'2.67,Wed Jul 23 2025 15:17:32 GMT+0800 (中国标准时间),1753255052
大泽瑠璃乃,14,10,'2.25,Wed Jul 23 2025 15:36:26 GMT+0800 (中国标准时间),1753256186
徒町小铃,14,10,'2.16,Wed Jul 23 2025 20:26:45 GMT+0800 (中国标准时间),1753273605
徒町小铃,14,10,'2.21,Wed Jul 23 2025 20:26:56 GMT+0800 (中国标准时间),1753273616
大Bob,20,14,'3.20,Wed Jul 23 2025 20:38:44 GMT+0800 (中国标准时间),1753274324
大Bob,20,14,'5.65,Wed Jul 23 2025 20:43:47 GMT+0800 (中国标准时间),1753274627
大Bob,20,14,'2.64,Wed Jul 23 2025 20:44:01 GMT+0800 (中国标准时间),1753274641
大Bob,20,14,'4.47,Wed Jul 23 2025 20:44:09 GMT+0800 (中国标准时间),1753274649
大Bob,20,14,'2.89,Wed Jul 23 2025 20:44:21 GMT+0800 (中国标准时间),1753274661
大Bob,20,14,'5.09,Wed Jul 23 2025 20:46:22 GMT+0800 (中国标准时间),1753274782
大Bob,20,14,'2.96,Wed Jul 23 2025 20:46:29 GMT+0800 (中国标准时间),1753274789
大Bob,20,14,'4.96,Wed Jul 23 2025 20:47:51 GMT+0800 (中国标准时间),1753274871
大Bob,20,14,'1.49,Wed Jul 23 2025 20:49:15 GMT+0800 (中国标准时间),1753274955
大Bob,20,14,'1.60,Wed Jul 23 2025 20:51:03 GMT+0800 (中国标准时间),1753275063
大Bob,20,14,'2.19,Wed Jul 23 2025 20:51:10 GMT+0800 (中国标准时间),1753275070
大Bob,20,14,'1.88,Wed Jul 23 2025 20:51:44 GMT+0800 (中国标准时间),1753275104
大Bob,14,10,'1.11,Wed Jul 23 2025 20:52:40 GMT+0800 (中国标准时间),1753275160
大Bob,14,10,'2.69,Wed Jul 23 2025 20:53:05 GMT+0800 (中国标准时间),1753275185
大Bob,20,14,'1.39,Wed Jul 23 2025 20:53:36 GMT+0800 (中国标准时间),1753275216
大Bob,20,14,'1.69,Wed Jul 23 2025 20:53:44 GMT+0800 (中国标准时间),1753275224
大Bob,20,14,'0.94,Wed Jul 23 2025 20:53:50 GMT+0800 (中国标准时间),1753275230
大Bob,20,14,'3.31,Wed Jul 23 2025 20:54:07 GMT+0800 (中国标准时间),1753275247
大Bob,20,14,'1.59,Wed Jul 23 2025 20:54:12 GMT+0800 (中国标准时间),1753275252
大Bob,20,14,'2.75,Wed Jul 23 2025 20:54:18 GMT+0800 (中国标准时间),1753275258
大Bob,20,14,'2.97,Wed Jul 23 2025 20:54:25 GMT+0800 (中国标准时间),1753275265
大Bob,20,14,'1.11,Wed Jul 23 2025 20:54:30 GMT+0800 (中国标准时间),1753275270
大Bob,20,14,'1.23,Wed Jul 23 2025 20:54:38 GMT+0800 (中国标准时间),1753275278
大Bob,20,14,'1.67,Wed Jul 23 2025 20:54:46 GMT+0800 (中国标准时间),1753275286
大Bob,20,14,'1.08,Wed Jul 23 2025 20:54:55 GMT+0800 (中国标准时间),1753275295
大Bob,20,14,'1.03,Wed Jul 23 2025 20:55:00 GMT+0800 (中国标准时间),1753275300
大Bob,20,14,'1.11,Wed Jul 23 2025 20:55:05 GMT+0800 (中国标准时间),1753275305
大Bob,20,14,'0.95,Wed Jul 23 2025 20:55:09 GMT+0800 (中国标准时间),1753275309
大Bob,20,14,'0.97,Wed Jul 23 2025 20:55:15 GMT+0800 (中国标准时间),1753275315
大Bob,20,14,'1.17,Wed Jul 23 2025 20:55:19 GMT+0800 (中国标准时间),1753275319
大Bob,20,14,'1.18,Wed Jul 23 2025 20:55:24 GMT+0800 (中国标准时间),1753275324
大Bob,20,14,'1.01,Wed Jul 23 2025 20:55:28 GMT+0800 (中国标准时间),1753275328
大Bob,20,14,'1.01,Wed Jul 23 2025 20:55:33 GMT+0800 (中国标准时间),1753275333
大Bob,20,14,'1.44,Wed Jul 23 2025 20:55:38 GMT+0800 (中国标准时间),1753275338
大Bob,20,14,'2.80,Wed Jul 23 2025 20:55:46 GMT+0800 (中国标准时间),1753275346
大Bob,20,14,'0.96,Wed Jul 23 2025 20:55:50 GMT+0800 (中国标准时间),1753275350
桂城泉,14,10,'2.20,Thu Jul 24 2025 00:31:29 GMT+0800 (中国标准时间),1753288289
xunzhaotang,14,10,'1.85,Wed Jul 23 2025 18:07:15 GMT-0700 (Pacific Daylight Time),1753319235
安养寺姬芽,14,10,'1.60,Thu Jul 24 2025 15:31:33 GMT+0800 (中国标准时间),1753342293
已经,14,10,'1.40,Thu Jul 24 2025 17:15:52 GMT+0800 (中国标准时间),1753348552
已经,14,10,'1.71,Thu Jul 24 2025 17:16:10 GMT+0800 (中国标准时间),1753348570
夕雾缀理,14,10,'1.34,Fri Jul 25 2025 14:50:14 GMT+0800 (中国标准时间),1753426214
夕雾缀理,14,10,'0.87,Fri Jul 25 2025 14:50:35 GMT+0800 (中国标准时间),1753426235
大泽瑠璃乃,14,10,'2.89,Sat Jul 26 2025 02:18:36 GMT+0800 (中国标准时间),1753467516
塞拉斯·柳田·利林费尔德,14,10,'2.20,Sat Jul 26 2025 14:51:30 GMT+0800 (中国标准时间),1753512690
大泽瑠璃乃,14,10,'2.60,Sat Jul 26 2025 16:25:16 GMT+0800 (中国标准时间),1753518316
大泽瑠璃乃,20,14,'2.04,Sat Jul 26 2025 22:06:43 GMT+0800 (中国标准时间),1753538803
大泽瑠璃乃,14,10,'1.67,Sat Jul 26 2025 22:51:10 GMT+0800 (中国标准时间),1753541470
夕雾缀理,14,10,'2.60,Sun Jul 27 2025 14:45:17 GMT+0800 (中国标准时间),1753598717
夕雾缀理,14,10,'1.16,Sun Jul 27 2025 14:46:26 GMT+0800 (中国标准时间),1753598786
夕雾缀理,14,10,'0.76,Sun Jul 27 2025 14:46:34 GMT+0800 (中国标准时间),1753598794
夕雾缀理,14,10,'1.57,Sun Jul 27 2025 14:46:42 GMT+0800 (中国标准时间),1753598802
夕雾缀理,14,10,'1.57,Sun Jul 27 2025 14:46:47 GMT+0800 (中国标准时间),1753598807
夕雾缀理,14,10,'2.58,Sun Jul 27 2025 14:46:55 GMT+0800 (中国标准时间),1753598815
夕雾缀理,14,10,'1.16,Sun Jul 27 2025 14:47:00 GMT+0800 (中国标准时间),1753598820
夕雾缀理,14,10,'1.22,Sun Jul 27 2025 14:47:05 GMT+0800 (中国标准时间),1753598825
夕雾缀理,14,10,'1.42,Sun Jul 27 2025 14:47:09 GMT+0800 (中国标准时间),1753598829
夕雾缀理,14,10,'1.23,Sun Jul 27 2025 14:47:14 GMT+0800 (中国标准时间),1753598834
夕雾缀理,14,10,'2.35,Sun Jul 27 2025 14:47:19 GMT+0800 (中国标准时间),1753598839
夕雾缀理,14,10,'1.65,Sun Jul 27 2025 14:47:25 GMT+0800 (中国标准时间),1753598845
夕雾缀理,14,10,'1.56,Sun Jul 27 2025 14:47:30 GMT+0800 (中国标准时间),1753598850
夕雾缀理,20,14,'1.58,Sun Jul 27 2025 14:47:44 GMT+0800 (中国标准时间),1753598864
null_szc01,14,10,'2.06,Sun Jul 27 2025 23:10:34 GMT+0800 (中国标准时间),1753629034
夕雾缀理,20,14,'1.71,Mon Jul 28 2025 10:26:02 GMT+0800 (中国标准时间),1753669562
大泽瑠璃乃,14,10,'2.13,Mon Jul 28 2025 10:26:11 GMT+0800 (中国标准时间),1753669571
大泽瑠璃乃,14,10,'1.58,Mon Jul 28 2025 10:26:21 GMT+0800 (中国标准时间),1753669581
null_szc02,14,10,'2.02,Mon Jul 28 2025 13:27:27 GMT+0800 (中国标准时间),1753680447
null_szc03,14,10,'2.46,Mon Jul 28 2025 13:28:57 GMT+0800 (中国标准时间),1753680537
null_szc66,14,10,'1.90,Mon Jul 28 2025 13:30:29 GMT+0800 (中国标准时间),1753680629
null_szc05,14,10,'2.05,Mon Jul 28 2025 13:30:43 GMT+0800 (中国标准时间),1753680643
null_szc88,14,10,'1.35,Mon Jul 28 2025 13:30:59 GMT+0800 (中国标准时间),1753680659
null_szc07,14,10,'2.22,Mon Jul 28 2025 13:31:14 GMT+0800 (中国标准时间),1753680674
null_szc08,14,10,'1.37,Mon Jul 28 2025 13:31:21 GMT+0800 (中国标准时间),1753680681
null_szc09,14,10,'1.66,Mon Jul 28 2025 13:31:29 GMT+0800 (中国标准时间),1753680689
null_szc99,14,10,'1.09,Mon Jul 28 2025 13:31:36 GMT+0800 (中国标准时间),1753680696
null_szc100,14,10,'1.66,Mon Jul 28 2025 13:31:43 GMT+0800 (中国标准时间),1753680703
徒町小铃,14,10,'1.89,Mon Jul 28 2025 16:47:37 GMT+0800 (中国标准时间),1753692457
百生吟子,14,10,'1.93,Mon Jul 28 2025 20:38:27 GMT+0800 (中国标准时间),1753706307
乙宗梢,14,10,'2.39,Mon Jul 28 2025 23:36:58 GMT+0800 (中国标准时间),1753717018
日野,14,10,'2.62,Tue Jul 29 2025 08:57:58 GMT+0800 (中国标准时间),1753750678
夕雾缀理,14,10,'2.60,Wed Jul 30 2025 01:06:07 GMT+0800 (中国标准时间),1753808767
夕雾缀理,14,10,'1.43,Wed Jul 30 2025 01:06:16 GMT+0800 (中国标准时间),1753808776
村野沙耶香,14,14,'3.71,Wed Jul 30 2025 04:39:14 GMT+0800 (中国标准时间),1753821554
村野沙耶香,14,14,'1.55,Wed Jul 30 2025 04:39:32 GMT+0800 (中国标准时间),1753821572
村野沙耶香,14,14,'1.38,Wed Jul 30 2025 04:39:39 GMT+0800 (中国标准时间),1753821579
夕雾缀理,14,10,'2.68,Wed Jul 30 2025 06:02:19 GMT+0800 (中国标准时间),1753826539
夕雾缀理,14,10,'1.36,Wed Jul 30 2025 06:02:34 GMT+0800 (中国标准时间),1753826554
夕雾缀理,14,10,'1.75,Wed Jul 30 2025 06:02:42 GMT+0800 (中国标准时间),1753826562
夕雾缀理,14,10,'1.58,Wed Jul 30 2025 06:02:52 GMT+0800 (中国标准时间),1753826572
夕雾缀理,14,10,'1.20,Wed Jul 30 2025 06:02:57 GMT+0800 (中国标准时间),1753826577
夕雾缀理,14,10,'1.15,Wed Jul 30 2025 06:03:03 GMT+0800 (中国标准时间),1753826583
夕雾缀理,14,10,'1.15,Wed Jul 30 2025 06:03:08 GMT+0800 (中国标准时间),1753826588
夕雾缀理,14,10,'1.06,Wed Jul 30 2025 06:03:13 GMT+0800 (中国标准时间),1753826593
百生吟子,14,10,'2.77,Wed Jul 30 2025 11:49:28 GMT+0800 (中国标准时间),1753847368
大泽瑠璃乃,14,10,'1.62,Wed Jul 30 2025 14:36:24 GMT+0800 (中国标准时间),1753857384
大泽瑠璃乃,14,10,'2.83,Wed Jul 30 2025 14:36:36 GMT+0800 (中国标准时间),1753857396
null78,14,10,'1.77,Wed Jul 30 2025 14:57:44 GMT+0800 (中国标准时间),1753858664
村野沙耶香,14,10,'2.11,Thu Jul 31 2025 02:52:58 GMT+0800 (GMT+08:00),1753901578
刘,14,10,'0.99,Thu Jul 31 2025 09:47:22 GMT+0800 (China Standard Time),1753926442
塞拉斯·柳田·利林费尔德,14,10,'1.75,Thu Jul 31 2025 23:46:58 GMT+0800 (中国标准时间),1753976818
王三金,14,10,'2.73,Fri Aug 01 2025 13:18:32 GMT+0800 (中国标准时间),1754025512
王三金,14,10,'1.84,Fri Aug 01 2025 13:19:38 GMT+0800 (中国标准时间),1754025578
王三金,14,10,'1.12,Fri Aug 01 2025 13:19:52 GMT+0800 (中国标准时间),1754025592
王三金,14,10,'2.61,Fri Aug 01 2025 13:20:05 GMT+0800 (中国标准时间),1754025605
王三金,14,10,'2.49,Fri Aug 01 2025 13:20:23 GMT+0800 (中国标准时间),1754025623
王三金,14,10,'1.24,Fri Aug 01 2025 13:21:18 GMT+0800 (中国标准时间),1754025678
王三金,14,10,'2.43,Fri Aug 01 2025 13:21:40 GMT+0800 (中国标准时间),1754025700
王三金,14,10,'2.69,Fri Aug 01 2025 13:24:32 GMT+0800 (中国标准时间),1754025872
王三金,14,10,'1.53,Fri Aug 01 2025 13:26:05 GMT+0800 (中国标准时间),1754025965
王三金,14,10,'1.42,Fri Aug 01 2025 13:26:20 GMT+0800 (中国标准时间),1754025980
王三金,14,10,'1.42,Fri Aug 01 2025 13:28:39 GMT+0800 (中国标准时间),1754026119
王三金,14,10,'2.92,Fri Aug 01 2025 13:29:32 GMT+0800 (中国标准时间),1754026172
王三金,14,10,'2.62,Fri Aug 01 2025 13:30:15 GMT+0800 (中国标准时间),1754026215
王三金,14,10,'2.78,Fri Aug 01 2025 13:30:20 GMT+0800 (中国标准时间),1754026220
王三金,14,10,'1.91,Fri Aug 01 2025 13:30:32 GMT+0800 (中国标准时间),1754026232
王三金,14,10,'1.72,Fri Aug 01 2025 13:30:37 GMT+0800 (中国标准时间),1754026237
王三金,14,10,'2.37,Fri Aug 01 2025 13:31:30 GMT+0800 (中国标准时间),1754026290
王三金,14,10,'2.43,Fri Aug 01 2025 13:31:37 GMT+0800 (中国标准时间),1754026297
王三金,14,10,'2.22,Fri Aug 01 2025 13:31:54 GMT+0800 (中国标准时间),1754026314
安养寺姬芽,14,10,'0.99,Fri Aug 01 2025 13:37:09 GMT+0800 (中国标准时间),1754026629
安养寺姬芽,14,10,'0.70,Fri Aug 01 2025 13:37:15 GMT+0800 (中国标准时间),1754026635
安养寺姬芽,14,10,'0.57,Fri Aug 01 2025 13:37:19 GMT+0800 (中国标准时间),1754026639
安养寺姬芽,14,10,'1.76,Fri Aug 01 2025 13:37:31 GMT+0800 (中国标准时间),1754026651
安养寺姬芽,14,10,'2.06,Fri Aug 01 2025 13:37:37 GMT+0800 (中国标准时间),1754026657
安养寺姬芽,14,10,'0.62,Fri Aug 01 2025 13:37:41 GMT+0800 (中国标准时间),1754026661
安养寺姬芽,14,10,'0.77,Fri Aug 01 2025 13:37:46 GMT+0800 (中国标准时间),1754026666
王三金,14,10,'0.75,Fri Aug 01 2025 13:37:49 GMT+0800 (中国标准时间),1754026669
王三金,14,10,'0.58,Fri Aug 01 2025 13:37:58 GMT+0800 (中国标准时间),1754026678
王三金,14,10,'0.68,Fri Aug 01 2025 13:38:02 GMT+0800 (中国标准时间),1754026682
王三金,14,10,'0.59,Fri Aug 01 2025 13:38:05 GMT+0800 (中国标准时间),1754026685
王三金,14,10,'1.86,Fri Aug 01 2025 13:38:09 GMT+0800 (中国标准时间),1754026689
王三金,14,10,'0.68,Fri Aug 01 2025 13:38:12 GMT+0800 (中国标准时间),1754026692
王三金,14,10,'1.36,Fri Aug 01 2025 13:40:03 GMT+0800 (中国标准时间),1754026803
王三金,14,10,'1.71,Fri Aug 01 2025 13:40:08 GMT+0800 (中国标准时间),1754026808
王三金,14,10,'0.70,Fri Aug 01 2025 13:40:12 GMT+0800 (中国标准时间),1754026812
日野下花帆,14,10,'2.44,Fri Aug 01 2025 17:13:52 GMT+0800 (中国标准时间),1754039632
百生吟子,14,10,'2.84,Fri Aug 01 2025 17:29:44 GMT+0800 (中国标准时间),1754040584
百生吟子,14,10,'1.63,Fri Aug 01 2025 17:29:52 GMT+0800 (中国标准时间),1754040592
百生吟子,14,10,'2.13,Fri Aug 01 2025 17:30:34 GMT+0800 (中国标准时间),1754040634
百生吟子,14,10,'1.69,Fri Aug 01 2025 17:31:40 GMT+0800 (中国标准时间),1754040700
百生吟子,14,10,'1.68,Fri Aug 01 2025 17:31:46 GMT+0800 (中国标准时间),1754040706
百生吟子,14,10,'2.58,Fri Aug 01 2025 17:31:51 GMT+0800 (中国标准时间),1754040711
百生吟子,14,10,'1.21,Fri Aug 01 2025 17:31:56 GMT+0800 (中国标准时间),1754040716
百生吟子,14,10,'1.95,Fri Aug 01 2025 17:32:00 GMT+0800 (中国标准时间),1754040720
百生吟子,14,10,'1.18,Fri Aug 01 2025 17:32:04 GMT+0800 (中国标准时间),1754040724
百生吟子,14,10,'1.21,Fri Aug 01 2025 17:32:10 GMT+0800 (中国标准时间),1754040730
百生吟子,14,10,'1.30,Fri Aug 01 2025 17:32:14 GMT+0800 (中国标准时间),1754040734
百生吟子,14,10,'0.90,Fri Aug 01 2025 17:32:17 GMT+0800 (中国标准时间),1754040737
日野下花帆,14,10,'2.12,Sat Aug 02 2025 04:08:36 GMT+0800 (中国标准时间),1754078916
村野沙耶香,14,10,'1.95,Sat Aug 02 2025 04:10:08 GMT+0800 (中国标准时间),1754079008
村野沙耶香,14,10,'1.47,Sat Aug 02 2025 04:10:39 GMT+0800 (中国标准时间),1754079039
徒町小铃,14,10,'2.17,Sat Aug 02 2025 11:21:58 GMT+0800 (中国标准时间),1754104918
徒町小铃,14,10,'2.05,Sat Aug 02 2025 11:22:07 GMT+0800 (中国标准时间),1754104927
徒町小铃,14,10,'1.27,Sat Aug 02 2025 11:22:13 GMT+0800 (中国标准时间),1754104933
徒町小铃,14,10,'2.52,Sat Aug 02 2025 11:22:19 GMT+0800 (中国标准时间),1754104939
塞拉斯·柳田·利林费尔德,14,10,'1.75,Sat Aug 02 2025 14:49:59 GMT+0800 (中国标准时间),1754117399
塞拉斯·柳田·利林费尔德,14,10,'1.38,Sat Aug 02 2025 14:50:07 GMT+0800 (中国标准时间),1754117407
塞拉斯·柳田·利林费尔德,14,10,'2.13,Sat Aug 02 2025 14:50:13 GMT+0800 (中国标准时间),1754117413
胡桃,14,10,'2.43,Mon Aug 04 2025 06:05:29 GMT+0800 (中国标准时间),1754258729
胡桃,14,10,'3.00,Mon Aug 04 2025 06:06:20 GMT+0800 (中国标准时间),1754258780
夕雾缀理,14,10,'1.13,Mon Aug 04 2025 18:14:04 GMT+0800 (中国标准时间),1754302444
徒町小铃,14,10,'2.95,Mon Aug 04 2025 20:06:19 GMT+0800 (中国标准时间),1754309179
徒町小铃,14,10,'2.11,Mon Aug 04 2025 20:06:30 GMT+0800 (中国标准时间),1754309190
李辰恒,14,10,'1.80,Mon Aug 04 2025 20:08:37 GMT+0800 (中国标准时间),1754309317
李辰恒,14,10,'1.59,Mon Aug 04 2025 20:08:57 GMT+0800 (中国标准时间),1754309337
李辰恒,14,10,'1.72,Mon Aug 04 2025 20:09:07 GMT+0800 (中国标准时间),1754309347
Ceras Yanagida Lilienfeld,14,10,'2.20,Tue Aug 05 2025 01:42:38 GMT+0900 (韓國 標準時),1754325758
Ceras Yanagida Lilienfeld,20,14,'4.82,Tue Aug 05 2025 01:44:51 GMT+0900 (韓國 標準時),1754325891
Ceras Yanagida Lilienfeld,20,14,'1.16,Tue Aug 05 2025 01:44:56 GMT+0900 (韓國 標準時),1754325896
徒町小铃,14,10,'1.39,Tue Aug 05 2025 01:30:56 GMT+0800 (中国标准时间),1754328656
徒町小铃,14,10,'1.28,Tue Aug 05 2025 01:31:20 GMT+0800 (中国标准时间),1754328680
徒町小铃,14,10,'2.60,Tue Aug 05 2025 01:32:35 GMT+0800 (中国标准时间),1754328755
徒町小铃,14,10,'1.89,Tue Aug 05 2025 01:35:38 GMT+0800 (中国标准时间),1754328938
村野沙耶香,14,10,'2.15,Tue Aug 05 2025 04:02:15 GMT+0800 (中国标准时间),1754337735
百生吟子,14,10,'1.57,Tue Aug 05 2025 13:30:48 GMT+0800 (中国标准时间),1754371848
大泽瑠璃乃,14,10,'1.07,Tue Aug 05 2025 14:08:55 GMT+0800 (中国标准时间),1754374135
大泽瑠璃乃,14,10,'2.54,Tue Aug 05 2025 14:09:06 GMT+0800 (中国标准时间),1754374146
大泽瑠璃乃,14,10,'0.82,Tue Aug 05 2025 14:09:11 GMT+0800 (中国标准时间),1754374151
塞拉斯·柳田·利林费尔德,14,10,'1.70,Tue Aug 05 2025 17:23:38 GMT+0800 (中国标准时间),1754385818
塞拉斯·柳田·利林费尔德,20,14,'0.79,Tue Aug 05 2025 17:25:20 GMT+0800 (中国标准时间),1754385920
村野沙耶香,14,10,'1.84,Tue Aug 05 2025 17:30:39 GMT+0800 (中国标准时间),1754386239
村野沙耶香,14,10,'1.73,Tue Aug 05 2025 17:31:00 GMT+0800 (中国标准时间),1754386260
村野沙耶香,20,14,'4.03,Tue Aug 05 2025 17:31:19 GMT+0800 (中国标准时间),1754386279
村野沙耶香,14,10,'1.79,Tue Aug 05 2025 22:22:36 GMT+0800 (CST),1754403756
百生吟子,20,14,'2.04,Wed Aug 06 2025 01:22:15 GMT+0800 (中国标准时间),1754414535
百生吟子,20,14,'2.79,Wed Aug 06 2025 01:22:35 GMT+0800 (中国标准时间),1754414555
朱思玮在此！！！,14,10,'2.86,Wed Aug 06 2025 10:07:09 GMT+0800 (中国标准时间),1754446029
朱思玮在此！！！,14,10,'2.14,Wed Aug 06 2025 10:07:56 GMT+0800 (中国标准时间),1754446076
朱思玮在此！！！,14,10,'1.58,Wed Aug 06 2025 10:08:12 GMT+0800 (中国标准时间),1754446092
朱思玮在此！！！,14,10,'1.36,Wed Aug 06 2025 10:08:29 GMT+0800 (中国标准时间),1754446109
朱思玮在此！！！,14,10,'1.38,Wed Aug 06 2025 10:08:49 GMT+0800 (中国标准时间),1754446129
朱思玮在此！！！,14,10,'1.59,Wed Aug 06 2025 10:08:58 GMT+0800 (中国标准时间),1754446138
朱思玮在此！！！,14,10,'1.03,Wed Aug 06 2025 10:09:49 GMT+0800 (中国标准时间),1754446189
朱思玮在此！！！,20,14,'1.36,Wed Aug 06 2025 10:10:07 GMT+0800 (中国标准时间),1754446207
朱思玮在此！！！,14,14,'1.83,Wed Aug 06 2025 10:10:33 GMT+0800 (中国标准时间),1754446233
夕雾缀理,14,10,'1.87,Wed Aug 06 2025 15:30:28 GMT+0800 (中国标准时间),1754465428
夕雾缀理,14,10,'1.97,Wed Aug 06 2025 15:32:18 GMT+0800 (中国标准时间),1754465538
逐风,7,7,'0.87,Wed Aug 06 2025 19:09:58 GMT+0800 (中国标准时间),1754478598
逐风,100,100,'3.82,Wed Aug 06 2025 19:10:38 GMT+0800 (中国标准时间),1754478638
逐风,10000,1,'86.18,Wed Aug 06 2025 19:13:44 GMT+0800 (中国标准时间),1754478824
逐风,100,1,'1.80,Wed Aug 06 2025 19:14:10 GMT+0800 (中国标准时间),1754478850
逐风,100,5,'3.73,Wed Aug 06 2025 19:14:31 GMT+0800 (中国标准时间),1754478871
逐风,100,7,'2.27,Wed Aug 06 2025 19:14:45 GMT+0800 (中国标准时间),1754478885
逐风,100,10,'1.84,Wed Aug 06 2025 19:15:00 GMT+0800 (中国标准时间),1754478900
逐风,100,10,'4.54,Wed Aug 06 2025 19:15:13 GMT+0800 (中国标准时间),1754478913
逐风,100,10,'14.91,Wed Aug 06 2025 19:15:43 GMT+0800 (中国标准时间),1754478943
逐风,100,10,'4.41,Wed Aug 06 2025 19:15:54 GMT+0800 (中国标准时间),1754478954
桂城泉,14,10,'2.76,Thu Aug 07 2025 10:24:40 GMT+0800 (中国标准时间),1754533480
桂城泉,14,10,'1.71,Thu Aug 07 2025 10:24:49 GMT+0800 (中国标准时间),1754533489
桂城泉,20,14,'2.03,Thu Aug 07 2025 10:25:04 GMT+0800 (中国标准时间),1754533504
徒町小铃,20,20,'3.53,Thu Aug 07 2025 19:10:43 GMT+0800 (中国标准时间),1754565043
123,20,14,'1.44,Thu Aug 07 2025 19:13:27 GMT+0800 (中国标准时间),1754565207
Arghhhh,14,10,'1.86,Fri Aug 08 2025 00:14:10 GMT+0800 (中国标准时间),1754583250
日野下花帆,20,14,'1.54,Fri Aug 08 2025 01:03:38 GMT+0800 (中国标准时间),1754586218
日野下花帆,20,14,'1.65,Fri Aug 08 2025 01:04:06 GMT+0800 (中国标准时间),1754586246
Qucing,14,10,'1.53,Fri Aug 08 2025 13:34:17 GMT+0800 (中国标准时间),1754631257
徒町小铃,14,10,'1.94,Fri Aug 08 2025 13:39:46 GMT+0800 (中国标准时间),1754631586
徒町小铃,14,10,'1.17,Fri Aug 08 2025 13:39:58 GMT+0800 (中国标准时间),1754631598
徒町小铃,20,14,'1.98,Fri Aug 08 2025 13:40:07 GMT+0800 (中国标准时间),1754631607
徒町小铃,20,14,'2.22,Fri Aug 08 2025 13:40:13 GMT+0800 (中国标准时间),1754631613
徒町小铃,20,14,'1.03,Fri Aug 08 2025 13:40:18 GMT+0800 (中国标准时间),1754631618
徒町小铃,20,14,'2.30,Fri Aug 08 2025 13:40:24 GMT+0800 (中国标准时间),1754631624
徒町小铃,20,14,'1.01,Fri Aug 08 2025 13:40:29 GMT+0800 (中国标准时间),1754631629
徒町小铃,20,14,'0.72,Fri Aug 08 2025 13:40:34 GMT+0800 (中国标准时间),1754631634
徒町小铃,20,14,'2.16,Fri Aug 08 2025 13:40:40 GMT+0800 (中国标准时间),1754631640
徒町小铃,20,14,'2.53,Fri Aug 08 2025 13:40:46 GMT+0800 (中国标准时间),1754631646
徒町小铃,20,14,'0.81,Fri Aug 08 2025 13:40:51 GMT+0800 (中国标准时间),1754631651
徒町小铃,20,14,'2.63,Fri Aug 08 2025 13:40:57 GMT+0800 (中国标准时间),1754631657
徒町小铃,20,14,'1.32,Fri Aug 08 2025 13:41:02 GMT+0800 (中国标准时间),1754631662
徒町小铃,20,14,'0.81,Fri Aug 08 2025 13:41:07 GMT+0800 (中国标准时间),1754631667
徒町小铃,20,14,'4.19,Fri Aug 08 2025 13:41:15 GMT+0800 (中国标准时间),1754631675
徒町小铃,20,14,'2.57,Fri Aug 08 2025 13:41:24 GMT+0800 (中国标准时间),1754631684
徒町小铃,20,14,'0.95,Fri Aug 08 2025 13:41:29 GMT+0800 (中国标准时间),1754631689
徒町小铃,20,14,'2.41,Fri Aug 08 2025 13:41:35 GMT+0800 (中国标准时间),1754631695
ymc,20,14,'5.10,Fri Aug 08 2025 14:46:31 GMT+0800 (中国标准时间),1754635591
百生吟子,14,10,'1.63,Fri Aug 08 2025 18:48:13 GMT+0800 (中国标准时间),1754650093
百生吟子,14,10,'2.57,Fri Aug 08 2025 18:48:29 GMT+0800 (中国标准时间),1754650109
青夷,20,14,'3.14,Sat Aug 09 2025 08:58:10 GMT+0800 (中国标准时间),1754701090
乙宗梢,14,10,'1.88,Sat Aug 09 2025 17:08:09 GMT+0800 (中国标准时间),1754730489
桂城泉,14,10,'2.99,Sun Aug 10 2025 00:51:30 GMT+0800 (中国标准时间),1754758290
日野下花帆,14,10,'2.30,Sun Aug 10 2025 02:14:03 GMT+0800 (中国标准时间),1754763243
日野下花帆,14,10,'2.12,Sun Aug 10 2025 02:14:43 GMT+0800 (中国标准时间),1754763283
日野下花帆,14,10,'0.94,Sun Aug 10 2025 02:14:51 GMT+0800 (中国标准时间),1754763291
日野下花帆,14,10,'1.83,Sun Aug 10 2025 02:14:59 GMT+0800 (中国标准时间),1754763299
宋驰乐,14,10,'2.10,Sun Aug 10 2025 06:48:13 GMT+0800 (中国标准时间),1754779693
宋驰乐,14,10,'1.77,Sun Aug 10 2025 06:48:46 GMT+0800 (中国标准时间),1754779726
吴亦凡,14,10,'1.95,Sun Aug 10 2025 11:11:41 GMT+0800 (中国标准时间),1754795501
吴亦凡,14,10,'1.29,Sun Aug 10 2025 11:12:17 GMT+0800 (中国标准时间),1754795537
吴亦凡,14,10,'0.85,Sun Aug 10 2025 11:12:33 GMT+0800 (中国标准时间),1754795553
桂城泉,14,10,'2.42,Sun Aug 10 2025 12:37:08 GMT+0800 (中国标准时间),1754800628
塞拉斯·柳田·利林费尔德,14,10,'2.33,Sun Aug 10 2025 15:24:43 GMT+0800 (中国标准时间),1754810683
konakona,14,10,'0.58,Sun Aug 10 2025 15:25:29 GMT+0800 (中国标准时间),1754810729
konakona,14,10,'0.21,Sun Aug 10 2025 15:31:56 GMT+0800 (中国标准时间),1754811116
百生吟子,14,10,'2.38,Sun Aug 10 2025 17:31:48 GMT+0800 (中国标准时间),1754818308
夕雾缀理,14,10,'2.55,Sun Aug 10 2025 22:06:37 GMT+0800 (中国标准时间),1754834797
父亲,14,10,'2.87,Mon Aug 11 2025 14:11:53 GMT+0800 (中国标准时间),1754892713
母亲,14,10,'2.73,Mon Aug 11 2025 14:17:18 GMT+0800 (中国标准时间),1754893038
你的一辈子,14,10,'2.11,Mon Aug 11 2025 14:19:48 GMT+0800 (中国标准时间),1754893188
你的一辈子,14,14,'2.81,Mon Aug 11 2025 14:20:48 GMT+0800 (中国标准时间),1754893248
你的一辈子,14,14,'3.83,Mon Aug 11 2025 14:21:07 GMT+0800 (中国标准时间),1754893267
你的一辈子,14,14,'2.30,Mon Aug 11 2025 14:21:34 GMT+0800 (中国标准时间),1754893294
你的一辈子,14,14,'1.50,Mon Aug 11 2025 14:21:42 GMT+0800 (中国标准时间),1754893302
你的一辈子,14,14,'2.86,Mon Aug 11 2025 14:22:19 GMT+0800 (中国标准时间),1754893339
你的一辈子,14,14,'3.62,Mon Aug 11 2025 14:22:46 GMT+0800 (中国标准时间),1754893366
你的一辈子,14,14,'2.44,Mon Aug 11 2025 14:22:51 GMT+0800 (中国标准时间),1754893371
你的一辈子,14,14,'4.09,Mon Aug 11 2025 14:23:00 GMT+0800 (中国标准时间),1754893380
你的一辈子,14,14,'2.87,Mon Aug 11 2025 14:23:18 GMT+0800 (中国标准时间),1754893398
你的一辈子,14,14,'1.71,Mon Aug 11 2025 14:23:23 GMT+0800 (中国标准时间),1754893403
你的一辈子,14,14,'3.90,Mon Aug 11 2025 14:23:32 GMT+0800 (中国标准时间),1754893412
你的一辈子,14,14,'1.67,Mon Aug 11 2025 14:23:40 GMT+0800 (中国标准时间),1754893420
你的一辈子,14,14,'3.44,Mon Aug 11 2025 14:23:47 GMT+0800 (中国标准时间),1754893427
你的一辈子,14,14,'1.62,Mon Aug 11 2025 14:23:52 GMT+0800 (中国标准时间),1754893432
你的一辈子,14,14,'1.89,Mon Aug 11 2025 14:23:58 GMT+0800 (中国标准时间),1754893438
你的一辈子,14,14,'1.84,Mon Aug 11 2025 14:24:03 GMT+0800 (中国标准时间),1754893443
你的一辈子,14,14,'2.03,Mon Aug 11 2025 14:24:19 GMT+0800 (中国标准时间),1754893459
徒町小铃,14,10,'2.19,Mon Aug 11 2025 17:53:56 GMT+0800 (GMT+08:00),1754906036
徒町小铃,14,10,'1.36,Mon Aug 11 2025 17:54:18 GMT+0800 (GMT+08:00),1754906058
安养寺姬芽,14,10,'1.65,Tue Aug 12 2025 12:47:27 GMT+0800 (中国标准时间),1754974047
徒町小铃,14,10,'2.13,Tue Aug 12 2025 12:47:38 GMT+0800 (中国标准时间),1754974058
安养寺姬芽,14,10,'2.24,Tue Aug 12 2025 16:43:11 GMT+0800 (中国标准时间),1754988191
wsy_I,14,10,'1.68,Tue Aug 12 2025 18:15:24 GMT+0800 (中国标准时间),1754993724
夕雾缀理,14,10,'2.35,Wed Aug 13 2025 20:54:14 GMT+0800 (CST),1755089654
Hinoshita Kaho,20,20,'3.59,Wed Aug 13 2025 22:08:33 GMT+0800 (China Standard Time),1755094113
大傻逼,14,10,'1.97,Wed Aug 13 2025 22:54:16 GMT+0800 (中国标准时间),1755096856
大傻逼,99,99,'27.09,Wed Aug 13 2025 22:55:11 GMT+0800 (中国标准时间),1755096911
塞拉斯·柳田·利林费尔德,14,10,'2.10,Wed Aug 13 2025 23:51:49 GMT+0800 (中国标准时间),1755100309
塞拉斯·柳田·利林费尔德,14,10,'1.43,Wed Aug 13 2025 23:51:57 GMT+0800 (中国标准时间),1755100317
塞拉斯·柳田·利林费尔德,14,10,'1.19,Wed Aug 13 2025 23:52:06 GMT+0800 (中国标准时间),1755100326
塞拉斯·柳田·利林费尔德,14,10,'1.77,Wed Aug 13 2025 23:52:16 GMT+0800 (中国标准时间),1755100336
塞拉斯·柳田·利林费尔德,14,10,'1.48,Wed Aug 13 2025 23:52:21 GMT+0800 (中国标准时间),1755100341
塞拉斯·柳田·利林费尔德,14,10,'1.43,Wed Aug 13 2025 23:52:30 GMT+0800 (中国标准时间),1755100350
南山13班代表,20,14,'2.17,Fri Aug 15 2025 10:54:34 GMT+0800 (中国标准时间),1755226474
南山13班代表,20,14,'2.13,Fri Aug 15 2025 10:55:08 GMT+0800 (中国标准时间),1755226508
南山13班代表,14,10,'1.74,Fri Aug 15 2025 10:56:03 GMT+0800 (中国标准时间),1755226563
南山13班代表,14,10,'1.63,Fri Aug 15 2025 10:56:15 GMT+0800 (中国标准时间),1755226575
南山13班代表,14,10,'1.09,Fri Aug 15 2025 10:56:52 GMT+0800 (中国标准时间),1755226612
南山13班代表,14,14,'1.00,Fri Aug 15 2025 10:57:30 GMT+0800 (中国标准时间),1755226650
綾小路清隆,20,8,'2.33,Fri Aug 15 2025 11:38:11 GMT+0800 (中国标准时间),1755229091
安养寺姬芽,14,10,'2.92,Fri Aug 15 2025 16:15:05 GMT+0800 (中国标准时间),1755245705
安养寺姬芽,14,10,'2.17,Fri Aug 15 2025 21:15:58 GMT+0800 (中国标准时间),1755263758
近织琉名,14,10,'1.73,Fri Aug 15 2025 21:33:48 GMT+0800 (中国标准时间),1755264828
塞拉斯·柳田·利林费尔德,20,14,'1.80,Sat Aug 16 2025 01:39:27 GMT+0800 (中国标准时间),1755279567
村野沙耶香,20,14,'2.48,Sat Aug 16 2025 09:21:38 GMT+0800 (中国标准时间),1755307298
塞拉斯·柳田·利林费尔德,20,20,'2.88,Sat Aug 16 2025 13:17:38 GMT+0800 (中国标准时间),1755321458
安养寺姬芽,14,10,'2.57,Sat Aug 16 2025 18:48:09 GMT+0800 (中国标准时间),1755341289
安养寺姬芽,14,10,'1.47,Sat Aug 16 2025 18:48:21 GMT+0800 (中国标准时间),1755341301
WdealF,14,10,'2.98,Sat Aug 16 2025 23:35:07 GMT+0800 (中国标准时间),1755358507
WdealF,14,10,'1.16,Sat Aug 16 2025 23:40:44 GMT+0800 (中国标准时间),1755358844
安养寺姬芽,14,10,'2.31,Sun Aug 17 2025 10:29:09 GMT+0800 (中国标准时间),1755397749
安养寺姬芽,20,14,'3.09,Sun Aug 17 2025 10:29:32 GMT+0800 (中国标准时间),1755397772
百生吟子,14,10,'2.40,Sun Aug 17 2025 15:31:32 GMT+0800 (中国标准时间),1755415892
徒町小铃,14,10,'1.39,Sun Aug 17 2025 17:26:16 GMT+0800 (中国标准时间),1755422776
日野下花帆,14,10,'2.19,Sun Aug 17 2025 19:33:45 GMT+0800 (中国标准时间),1755430425
百生吟子,14,10,'1.14,Mon Aug 18 2025 16:16:58 GMT+0800 (中国标准时间),1755505018
百生吟子,14,10,'1.52,Mon Aug 18 2025 16:17:25 GMT+0800 (中国标准时间),1755505045
百生吟子,14,10,'1.18,Mon Aug 18 2025 16:17:34 GMT+0800 (中国标准时间),1755505054
百生吟子,14,10,'1.42,Mon Aug 18 2025 16:17:42 GMT+0800 (中国标准时间),1755505062
百生吟子,14,10,'2.43,Mon Aug 18 2025 16:17:49 GMT+0800 (中国标准时间),1755505069
百生吟子,14,10,'1.24,Mon Aug 18 2025 16:17:54 GMT+0800 (中国标准时间),1755505074
百生吟子,14,10,'1.67,Mon Aug 18 2025 16:17:59 GMT+0800 (中国标准时间),1755505079
百生吟子,20,14,'4.33,Mon Aug 18 2025 16:18:11 GMT+0800 (中国标准时间),1755505091
百生吟子,20,14,'1.45,Mon Aug 18 2025 16:18:16 GMT+0800 (中国标准时间),1755505096
百生吟子,20,14,'1.45,Mon Aug 18 2025 16:18:27 GMT+0800 (中国标准时间),1755505107
百生吟子,20,14,'1.62,Mon Aug 18 2025 16:18:32 GMT+0800 (中国标准时间),1755505112
百生吟子,20,14,'1.05,Mon Aug 18 2025 16:18:37 GMT+0800 (中国标准时间),1755505117
百生吟子,20,14,'2.89,Mon Aug 18 2025 16:19:23 GMT+0800 (中国标准时间),1755505163
百生吟子,14,10,'1.48,Mon Aug 18 2025 16:19:33 GMT+0800 (中国标准时间),1755505173
Axile,14,10,'2.24,Mon Aug 18 2025 16:41:37 GMT+0800 (中国标准时间),1755506497
Axile,14,10,'1.39,Mon Aug 18 2025 16:43:22 GMT+0800 (中国标准时间),1755506602
Axile,14,10,'1.85,Mon Aug 18 2025 16:45:09 GMT+0800 (中国标准时间),1755506709
日野下花帆,14,10,'1.83,Mon Aug 18 2025 20:23:14 GMT+0800 (中国标准时间),1755519794
日野下花帆,14,10,'1.42,Mon Aug 18 2025 22:29:00 GMT+0800 (中国标准时间),1755527340
乙宗梢,14,10,'2.83,Tue Aug 19 2025 10:20:46 GMT+0800 (中国标准时间),1755570046
今天晚上吃什么,14,10,'2.00,Tue Aug 19 2025 11:32:12 GMT+0800 (中国标准时间),1755574332
今天晚上吃什么,14,10,'1.83,Tue Aug 19 2025 11:37:31 GMT+0800 (中国标准时间),1755574651
今天晚上吃什么,14,10,'1.99,Tue Aug 19 2025 11:38:49 GMT+0800 (中国标准时间),1755574729
今天晚上吃什么,14,10,'1.45,Tue Aug 19 2025 11:39:31 GMT+0800 (中国标准时间),1755574771
村野沙耶香,14,10,'2.46,Tue Aug 19 2025 11:50:38 GMT+0800 (中国标准时间),1755575438
村野沙耶香,14,10,'2.29,Tue Aug 19 2025 11:50:47 GMT+0800 (中国标准时间),1755575447
夕雾缀理,14,10,'1.02,Tue Aug 19 2025 14:20:16 GMT+0800 (台北標準時間),1755584416
塞拉斯·柳田·利林费尔德,14,10,'2.14,Tue Aug 19 2025 14:45:55 GMT+0800 (中国标准时间),1755585955
塞拉斯·柳田·利林费尔德,14,10,'2.83,Tue Aug 19 2025 14:46:11 GMT+0800 (中国标准时间),1755585971
塞拉斯·柳田·利林费尔德,14,10,'1.50,Tue Aug 19 2025 14:46:16 GMT+0800 (中国标准时间),1755585976
安养寺姬芽,14,10,'2.16,Tue Aug 19 2025 15:13:42 GMT+0800 (中国标准时间),1755587622
安养寺姬芽,14,10,'2.31,Tue Aug 19 2025 15:14:11 GMT+0800 (中国标准时间),1755587651
安养寺姬芽,14,10,'0.83,Tue Aug 19 2025 15:14:21 GMT+0800 (中国标准时间),1755587661
乙宗梢,20,14,'2.88,Tue Aug 19 2025 17:28:42 GMT+0800 (中国标准时间),1755595722
；,20,14,'3.14,Tue Aug 19 2025 18:39:03 GMT+0800 (中国标准时间),1755599943
aoaoa,14,10,'1.09,Tue Aug 19 2025 20:39:54 GMT+0900 (日本標準時),1755603594
aoaoa,14,10,'1.23,Tue Aug 19 2025 20:40:56 GMT+0900 (日本標準時),1755603656
aoaoa,14,10,'2.04,Tue Aug 19 2025 20:41:13 GMT+0900 (日本標準時),1755603673
aoaoa,14,10,'0.93,Tue Aug 19 2025 20:41:25 GMT+0900 (日本標準時),1755603685
aoaoa,14,10,'2.04,Tue Aug 19 2025 20:41:57 GMT+0900 (日本標準時),1755603717
aoaoa,14,10,'1.00,Tue Aug 19 2025 20:42:09 GMT+0900 (日本標準時),1755603729
徒町小铃,14,10,'2.74,Wed Aug 20 2025 04:55:16 GMT+0800 (中国标准时间),1755636916
日野下花帆,20,14,'2.42,Thu Aug 21 2025 17:24:20 GMT+0800 (中国标准时间),1755768260
桂城泉,14,10,'1.80,Thu Aug 21 2025 20:36:46 GMT+0800 (中国标准时间),1755779806
桂城泉,14,10,'0.78,Thu Aug 21 2025 20:36:59 GMT+0800 (中国标准时间),1755779819
大泽瑠璃乃,20,14,'5.20,Thu Aug 21 2025 20:43:44 GMT+0800 (中国标准时间),1755780224
zzy,20,14,'2.41,Thu Aug 21 2025 20:44:14 GMT+0800 (中国标准时间),1755780254
Clsh,14,10,'2.06,Fri Aug 22 2025 13:21:57 GMT+0800 (中国标准时间),1755840117
Clsh,14,10,'1.71,Fri Aug 22 2025 13:22:36 GMT+0800 (中国标准时间),1755840156
Clsh,20,14,'1.00,Fri Aug 22 2025 13:23:37 GMT+0800 (中国标准时间),1755840217
Clsh,20,14,'0.91,Fri Aug 22 2025 13:25:46 GMT+0800 (中国标准时间),1755840346
紅中,14,10,'1.94,Fri Aug 22 2025 17:46:14 GMT+0800 (台北標準時間),1755855974
紅中,14,10,'1.25,Fri Aug 22 2025 17:46:32 GMT+0800 (台北標準時間),1755855992
紅中,14,10,'1.26,Fri Aug 22 2025 17:46:36 GMT+0800 (台北標準時間),1755855996
紅中,14,10,'1.16,Fri Aug 22 2025 17:46:39 GMT+0800 (台北標準時間),1755855999
紅中,20,14,'2.38,Fri Aug 22 2025 17:48:00 GMT+0800 (台北標準時間),1755856080
日野下花帆,14,10,'1.61,Sat Aug 23 2025 06:38:35 GMT+0800 (中国标准时间),1755902315
藤岛慈,14,10,'2.02,Sat Aug 23 2025 08:40:22 GMT+0800 (中国标准时间),1755909622
乙宗梢,20,14,'2.73,Sat Aug 23 2025 15:55:20 GMT+0800 (中国标准时间),1755935720
藤島慈,14,10,'2.96,Sat Aug 23 2025 18:40:08 GMT+0900 (日本標準時),1755942008
あおあおあ,14,10,'3.00,Sat Aug 23 2025 18:40:15 GMT+0900 (日本標準時),1755942015
あおあおあ,14,10,'2.41,Sat Aug 23 2025 18:40:32 GMT+0900 (日本標準時),1755942032
あおあおあ,14,10,'1.04,Sat Aug 23 2025 18:40:53 GMT+0900 (日本標準時),1755942053
あおあおあ,14,10,'1.48,Sat Aug 23 2025 18:41:12 GMT+0900 (日本標準時),1755942072
あおあおあ,14,10,'1.10,Sat Aug 23 2025 18:41:22 GMT+0900 (日本標準時),1755942082
あおあおあ,14,10,'1.94,Sat Aug 23 2025 18:41:39 GMT+0900 (日本標準時),1755942099
安养寺姬芽,14,10,'2.09,Sun Aug 24 2025 23:31:17 GMT+0800 (中国标准时间),1756049477
百生吟子,14,10,'2.60,Mon Aug 25 2025 10:36:20 GMT+0800 (中国标准时间),1756089380
日野下花帆,14,10,'2.05,Mon Aug 25 2025 16:22:19 GMT+0800 (中国标准时间),1756110139
桂城泉,20,20,'2.17,Mon Aug 25 2025 19:37:55 GMT+0800 (中国标准时间),1756121875
村野沙耶香,14,10,'2.55,Mon Aug 25 2025 23:09:58 GMT+0800 (中国标准时间),1756134598
乙宗梢,14,10,'1.95,Tue Aug 26 2025 15:40:53 GMT+0800 (中国标准时间),1756194053
乙宗梢,14,10,'2.39,Wed Aug 27 2025 01:23:19 GMT+0800 (中国标准时间),1756228999
乙宗梢,14,10,'2.37,Wed Aug 27 2025 01:23:41 GMT+0800 (中国标准时间),1756229021
乙宗梢,14,10,'1.81,Wed Aug 27 2025 01:24:13 GMT+0800 (中国标准时间),1756229053
乙宗梢,14,10,'1.80,Wed Aug 27 2025 01:24:19 GMT+0800 (中国标准时间),1756229059
乙宗梢,14,10,'1.96,Wed Aug 27 2025 01:24:29 GMT+0800 (中国标准时间),1756229069
乙宗梢,14,10,'0.85,Wed Aug 27 2025 01:24:37 GMT+0800 (中国标准时间),1756229077
乙宗梢,14,10,'1.53,Thu Aug 28 2025 00:02:58 GMT+0800 (中国标准时间),1756310578
乙宗梢,14,10,'1.53,Thu Aug 28 2025 00:02:58 GMT+0800 (中国标准时间),1756310578
百生吟子,14,10,'2.23,Thu Aug 28 2025 15:57:58 GMT+0800 (中国标准时间),1756367878
zhyukun,14,10,'1.61,Fri Aug 29 2025 13:13:10 GMT+0800 (中国标准时间),1756444390
百生吟子,14,10,'2.30,Fri Aug 29 2025 14:37:16 GMT+0800 (中国标准时间),1756449436
奶龙,14,10,'1.11,Fri Aug 29 2025 16:38:04 GMT+0800 (中国标准时间),1756456684
奶龙,14,10,'0.80,Fri Aug 29 2025 16:38:34 GMT+0800 (中国标准时间),1756456714
八8范颖然,14,10,'0.82,Fri Aug 29 2025 16:38:43 GMT+0800 (中国标准时间),1756456723
test（本地开发测试用）,14,10,'1.49,Fri Aug 29 2025 17:09:48 GMT+0800 (中国标准时间),1756458588
雨中一宇,14,10,'2.30,Fri Aug 29 2025 22:59:05 GMT+0800 (中国标准时间),1756479545
雨中一宇,14,10,'1.84,Fri Aug 29 2025 22:59:49 GMT+0800 (中国标准时间),1756479589
雨中一宇,20,14,'5.55,Fri Aug 29 2025 23:00:03 GMT+0800 (中国标准时间),1756479603
雨中一宇,20,14,'4.78,Fri Aug 29 2025 23:00:26 GMT+0800 (中国标准时间),1756479626
拾陆之名,14,10,'2.37,Sat Aug 30 2025 09:51:43 GMT+0800 (中国标准时间),1756518703
拾陆之名,20,14,'1.48,Sat Aug 30 2025 09:53:53 GMT+0800 (中国标准时间),1756518833
日野下花帆,14,10,'1.55,Sat Aug 30 2025 10:53:56 GMT+0800 (中国标准时间),1756522436
日野下花帆,14,10,'2.10,Sat Aug 30 2025 10:54:17 GMT+0800 (中国标准时间),1756522457
日野下花帆,20,14,'2.64,Sat Aug 30 2025 10:55:59 GMT+0800 (中国标准时间),1756522559
日野下花帆,20,14,'3.74,Sat Aug 30 2025 10:56:27 GMT+0800 (中国标准时间),1756522587
日野下花帆,20,14,'3.11,Sat Aug 30 2025 10:58:12 GMT+0800 (中国标准时间),1756522692
日野下花帆,20,14,'1.59,Sat Aug 30 2025 10:58:18 GMT+0800 (中国标准时间),1756522698
百生吟子,14,10,'1.89,Sat Aug 30 2025 12:13:27 GMT+0800 (中国标准时间),1756527207
百生吟子,14,10,'0.98,Sat Aug 30 2025 12:13:40 GMT+0800 (中国标准时间),1756527220
徒町小铃,14,10,'1.34,Sat Aug 30 2025 12:42:59 GMT+0800 (中国标准时间),1756528979
徒町小铃,14,10,'0.78,Sat Aug 30 2025 12:43:15 GMT+0800 (中国标准时间),1756528995
百生吟子,14,10,'2.11,Sat Aug 30 2025 16:42:11 GMT+0800 (中国标准时间),1756543331
日野下花帆,14,10,'2.45,Sat Aug 30 2025 21:19:43 GMT+0800 (中国标准时间),1756559983
日野下花帆,14,10,'2.56,Sat Aug 30 2025 21:20:31 GMT+0800 (中国标准时间),1756560031
枫糖,14,10,'2.60,Sun Aug 31 2025 01:31:56 GMT+0800 (中国标准时间),1756575116
安养寺姬芽,14,10,'2.64,Sun Aug 31 2025 05:31:13 GMT+0800 (China Standard Time),1756589473
fudao,14,10,'0.79,Sun Aug 31 2025 07:53:14 GMT+0800 (中国标准时间),1756597994
铁之国武士,14,10,'1.77,Sun Aug 31 2025 09:18:38 GMT+0800 (中国标准时间),1756603118
桐崎千棘党,14,10,'2.21,Mon Sep 01 2025 02:34:16 GMT+0800 (中国标准时间),1756665256
sāvvachar,14,10,'1.65,Mon Sep 01 2025 18:04:48 GMT+0800 (中国标准时间),1756721088
夕雾缀理,14,10,'1.70,Mon Sep 01 2025 22:40:12 GMT+0800 (中国标准时间),1756737612
徒町小铃,14,10,'1.64,Wed Sep 03 2025 13:32:15 GMT+0800 (中国标准时间),1756877535
大泽瑠璃乃,14,10,'1.74,Sat Sep 06 2025 02:30:32 GMT+0800 (台北標準時間),1757097032
大泽瑠璃乃,14,10,'1.23,Sat Sep 06 2025 02:30:49 GMT+0800 (台北標準時間),1757097049
呦 嘿嘿 啊啊啊啊啊啊啊啊,14,10,'0.88,Sat Sep 06 2025 02:31:37 GMT+0800 (台北標準時間),1757097097
村野沙耶香,20,20,'2.31,Sat Sep 06 2025 15:33:33 GMT+0800 (中国标准时间),1757144013
村野沙耶香,20,20,'1.18,Sat Sep 06 2025 15:33:53 GMT+0800 (中国标准时间),1757144033
村野沙耶香,20,20,'0.94,Sat Sep 06 2025 15:34:03 GMT+0800 (中国标准时间),1757144043
村野沙耶香,20,20,'1.07,Sat Sep 06 2025 15:34:08 GMT+0800 (中国标准时间),1757144048
村野沙耶香,20,20,'1.08,Sat Sep 06 2025 15:34:19 GMT+0800 (中国标准时间),1757144059
FG,14,10,'2.48,Sat Sep 06 2025 20:47:28 GMT+0800 (中国标准时间),1757162848
FG,14,10,'1.43,Sat Sep 06 2025 20:47:55 GMT+0800 (中国标准时间),1757162875
FG,14,10,'1.50,Sat Sep 06 2025 20:48:07 GMT+0800 (中国标准时间),1757162887
FG,14,10,'2.40,Sat Sep 06 2025 20:48:13 GMT+0800 (中国标准时间),1757162893
FG,14,10,'1.37,Sat Sep 06 2025 20:48:18 GMT+0800 (中国标准时间),1757162898
FG,14,10,'1.10,Sat Sep 06 2025 20:48:22 GMT+0800 (中国标准时间),1757162902
FG,14,10,'1.48,Sat Sep 06 2025 20:48:27 GMT+0800 (中国标准时间),1757162907
FG,14,10,'2.69,Sat Sep 06 2025 20:48:39 GMT+0800 (中国标准时间),1757162919
FG,14,10,'1.10,Sat Sep 06 2025 20:49:11 GMT+0800 (中国标准时间),1757162951
珊瑚宫心海,14,10,'2.78,Sun Sep 07 2025 00:09:00 GMT+0800 (中国标准时间),1757174940
珊瑚宫心海,14,10,'1.37,Sun Sep 07 2025 00:09:53 GMT+0800 (中国标准时间),1757174993
珊瑚宫心海,14,10,'2.76,Sun Sep 07 2025 00:10:38 GMT+0800 (中国标准时间),1757175038
珊瑚宫心海,14,10,'2.25,Sun Sep 07 2025 00:12:00 GMT+0800 (中国标准时间),1757175120
，,20,14,'1.45,Sun Sep 07 2025 01:39:20 GMT+0800 (中国标准时间),1757180360
ikun,20,14,'4.09,Sun Sep 07 2025 13:16:46 GMT+0800 (中国标准时间),1757222206
日野下花帆,14,10,'1.93,Sun Sep 07 2025 14:06:03 GMT+0800 (中国标准时间),1757225163
百生吟子,14,10,'1.81,Sun Sep 07 2025 21:12:42 GMT+0800 (中国标准时间),1757250762
大泽瑠璃乃,14,10,'1.08,Mon Sep 08 2025 10:56:54 GMT+0800 (中国标准时间),1757300214
大泽瑠璃乃,14,10,'1.91,Mon Sep 08 2025 10:57:05 GMT+0800 (中国标准时间),1757300225
百生吟子,14,10,'1.90,Tue Sep 09 2025 10:29:20 GMT+0800 (中国标准时间),1757384960
陈睿,14,10,'3.00,Tue Sep 09 2025 11:28:32 GMT+0800 (中国标准时间),1757388512
陈睿,14,10,'1.39,Tue Sep 09 2025 11:29:39 GMT+0800 (中国标准时间),1757388579
陈睿,14,10,'1.42,Tue Sep 09 2025 11:29:48 GMT+0800 (中国标准时间),1757388588
陈睿,14,14,'1.21,Tue Sep 09 2025 11:30:19 GMT+0800 (中国标准时间),1757388619
塞拉斯·柳田·利林费尔德,14,10,'2.73,Wed Sep 10 2025 10:47:38 GMT+0800 (中国标准时间),1757472458
承,14,10,'2.30,Wed Sep 10 2025 15:31:28 GMT+0800 (中国标准时间),1757489488
李康,14,10,'2.34,Wed Sep 10 2025 17:35:09 GMT+0800 (中国标准时间),1757496909
藤岛慈,14,10,'2.55,Wed Sep 10 2025 21:06:48 GMT+0800 (中国标准时间),1757509608
藤岛慈,14,10,'2.42,Wed Sep 10 2025 21:07:00 GMT+0800 (中国标准时间),1757509620
乙宗梢,14,10,'2.10,Wed Sep 10 2025 22:21:07 GMT+0800 (中国标准时间),1757514067
安养寺姬芽,14,10,'1.21,Wed Sep 10 2025 22:21:36 GMT+0800 (中国标准时间),1757514096
徒町小铃,14,10,'2.85,Wed Sep 10 2025 23:54:51 GMT+0800 (中国标准时间),1757519691
徒町小铃,20,14,'3.52,Wed Sep 10 2025 23:55:17 GMT+0800 (中国标准时间),1757519717
一袋米,14,10,'2.56,Thu Sep 11 2025 17:31:49 GMT+0800 (中国标准时间),1757583109
666,14,10,'2.14,Thu Sep 11 2025 19:20:23 GMT+0800 (中国标准时间),1757589623
大牛逼,14,10,'2.02,Thu Sep 11 2025 19:43:52 GMT+0800 (中国标准时间),1757591032
大牛逼克拉斯,14,10,'1.08,Thu Sep 11 2025 19:46:14 GMT+0800 (中国标准时间),1757591174
Pure perfect,14,10,'1.39,Thu Sep 11 2025 21:00:20 GMT+0800 (中国标准时间),1757595620
藤岛慈,14,10,'1.87,Thu Sep 11 2025 21:02:23 GMT+0800 (中国标准时间),1757595743
藤岛慈,14,10,'1.75,Thu Sep 11 2025 21:02:35 GMT+0800 (中国标准时间),1757595755
藤岛慈,20,14,'1.04,Thu Sep 11 2025 21:03:12 GMT+0800 (中国标准时间),1757595792
藤岛慈,20,14,'0.95,Thu Sep 11 2025 21:03:20 GMT+0800 (中国标准时间),1757595800
塞拉斯·柳田·利林费尔德,14,10,'1.70,Thu Sep 11 2025 22:04:22 GMT+0800 (中国标准时间),1757599462
安养寺姬芽,20,14,'1.67,Fri Sep 12 2025 11:58:42 GMT+0800 (中国标准时间),1757649522
桂城泉,14,10,'2.79,Fri Sep 12 2025 14:09:57 GMT+0800 (中国标准时间),1757657397
桂城泉,14,10,'1.70,Fri Sep 12 2025 22:29:41 GMT+0800 (中国标准时间),1757687381
塞拉斯·柳田·利林费尔德,14,10,'2.43,Sat Sep 13 2025 16:27:21 GMT+0800 (中国标准时间),1757752041
塞拉斯·柳田·利林费尔德,14,10,'2.80,Sat Sep 13 2025 16:27:37 GMT+0800 (中国标准时间),1757752057
###,14,14,'3.19,Sun Sep 14 2025 00:50:02 GMT+0800 (中国标准时间),1757782202
###,20,14,'1.04,Sun Sep 14 2025 00:53:33 GMT+0800 (中国标准时间),1757782413
###,14,10,'1.49,Sun Sep 14 2025 00:59:28 GMT+0800 (中国标准时间),1757782768
村野沙耶香,14,10,'2.45,Sun Sep 14 2025 01:10:03 GMT+0800 (中国标准时间),1757783403
村野沙耶香,14,10,'2.10,Sun Sep 14 2025 01:10:16 GMT+0800 (中国标准时间),1757783416
村野沙耶香,14,10,'1.08,Sun Sep 14 2025 01:10:25 GMT+0800 (中国标准时间),1757783425
村野沙耶香,14,10,'0.86,Sun Sep 14 2025 01:10:31 GMT+0800 (中国标准时间),1757783431
村野沙耶香,14,10,'0.99,Sun Sep 14 2025 01:10:41 GMT+0800 (中国标准时间),1757783441
村野沙耶香,14,10,'0.80,Sun Sep 14 2025 01:10:47 GMT+0800 (中国标准时间),1757783447
村野沙耶香,20,14,'1.40,Sun Sep 14 2025 01:10:53 GMT+0800 (中国标准时间),1757783453
日野下花帆,14,10,'1.78,Sun Sep 14 2025 01:41:20 GMT+0800 (中国标准时间),1757785280
夕雾缀理,14,10,'2.51,Sun Sep 14 2025 10:25:06 GMT+0800 (Hong Kong Standard Time),1757816706
厉害的人,14,10,'0.99,Sun Sep 14 2025 13:38:59 GMT+0800 (中国标准时间),1757828339
nb的人,14,10,'0.89,Sun Sep 14 2025 13:39:49 GMT+0800 (中国标准时间),1757828389
牢周,14,10,'2.06,Sun Sep 14 2025 23:06:11 GMT+0800 (中国标准时间),1757862371
我即是永恒,14,10,'1.63,Mon Sep 15 2025 20:44:46 GMT+0800 (中国标准时间),1757940286
我即是永恒,14,10,'0.92,Mon Sep 15 2025 20:45:23 GMT+0800 (中国标准时间),1757940323
我即是永恒,20,14,'0.95,Mon Sep 15 2025 20:45:50 GMT+0800 (中国标准时间),1757940350
夕雾缀理,14,10,'2.23,Wed Sep 17 2025 00:47:41 GMT+0800 (中国标准时间),1758041261
大泽瑠璃乃,14,10,'2.91,Wed Sep 17 2025 08:48:12 GMT+0800 (中国标准时间),1758070092
大泽瑠璃乃,14,10,'2.04,Wed Sep 17 2025 08:48:30 GMT+0800 (中国标准时间),1758070110
大泽瑠璃乃,14,10,'2.65,Wed Sep 17 2025 08:48:43 GMT+0800 (中国标准时间),1758070123
大泽瑠璃乃,14,10,'2.38,Wed Sep 17 2025 08:49:21 GMT+0800 (中国标准时间),1758070161
大泽瑠璃乃,14,10,'1.91,Wed Sep 17 2025 08:49:27 GMT+0800 (中国标准时间),1758070167
大泽瑠璃乃,14,10,'2.41,Wed Sep 17 2025 08:49:33 GMT+0800 (中国标准时间),1758070173
大泽瑠璃乃,14,10,'1.71,Wed Sep 17 2025 08:49:38 GMT+0800 (中国标准时间),1758070178
大泽瑠璃乃,20,14,'2.55,Wed Sep 17 2025 08:50:50 GMT+0800 (中国标准时间),1758070250
大泽瑠璃乃,20,20,'8.28,Wed Sep 17 2025 08:51:13 GMT+0800 (中国标准时间),1758070273
大泽瑠璃乃,20,20,'7.14,Wed Sep 17 2025 08:52:11 GMT+0800 (中国标准时间),1758070331
大泽瑠璃乃,14,10,'2.44,Wed Sep 17 2025 08:56:32 GMT+0800 (中国标准时间),1758070592
大泽瑠璃乃,14,10,'2.48,Wed Sep 17 2025 08:56:38 GMT+0800 (中国标准时间),1758070598
大泽瑠璃乃,14,10,'2.83,Wed Sep 17 2025 08:56:44 GMT+0800 (中国标准时间),1758070604
大泽瑠璃乃,14,10,'1.64,Wed Sep 17 2025 10:36:08 GMT+0800 (中国标准时间),1758076568
大泽瑠璃乃,14,10,'2.37,Wed Sep 17 2025 10:37:02 GMT+0800 (中国标准时间),1758076622
大泽瑠璃乃,14,10,'1.47,Wed Sep 17 2025 10:37:15 GMT+0800 (中国标准时间),1758076635
大泽瑠璃乃,20,20,'5.71,Wed Sep 17 2025 10:46:02 GMT+0800 (中国标准时间),1758077162
藤岛慈,14,10,'2.33,Wed Sep 17 2025 10:52:20 GMT+0800 (中国标准时间),1758077540
藤岛慈,14,10,'1.51,Wed Sep 17 2025 10:52:30 GMT+0800 (中国标准时间),1758077550
藤岛慈,14,10,'1.26,Wed Sep 17 2025 10:52:37 GMT+0800 (中国标准时间),1758077557
demzem,20,14,'1.00,Wed Sep 17 2025 20:08:00 GMT+0800 (中国标准时间),1758110880
qkds,20,14,'2.16,Thu Sep 18 2025 18:38:51 GMT+0800 (中国标准时间),1758191931
qkds,20,14,'0.88,Thu Sep 18 2025 18:39:05 GMT+0800 (中国标准时间),1758191945
qkds,20,14,'0.81,Thu Sep 18 2025 18:39:16 GMT+0800 (中国标准时间),1758191956
qkds,20,14,'1.82,Thu Sep 18 2025 18:39:31 GMT+0800 (中国标准时间),1758191971
qkds,20,14,'1.90,Thu Sep 18 2025 18:39:40 GMT+0800 (中国标准时间),1758191980
qkds,20,14,'1.62,Thu Sep 18 2025 18:39:53 GMT+0800 (中国标准时间),1758191993
qkds,20,14,'2.03,Thu Sep 18 2025 18:39:59 GMT+0800 (中国标准时间),1758191999
qkds,20,14,'0.97,Thu Sep 18 2025 18:40:13 GMT+0800 (中国标准时间),1758192013
qkds,20,14,'1.03,Thu Sep 18 2025 18:40:20 GMT+0800 (中国标准时间),1758192020
qkds,20,14,'1.68,Thu Sep 18 2025 18:40:25 GMT+0800 (中国标准时间),1758192025
qkds,20,14,'1.69,Thu Sep 18 2025 18:40:31 GMT+0800 (中国标准时间),1758192031
qkds,20,14,'0.98,Thu Sep 18 2025 18:40:37 GMT+0800 (中国标准时间),1758192037
qkds,20,14,'1.26,Thu Sep 18 2025 18:40:41 GMT+0800 (中国标准时间),1758192041
qkds,20,14,'1.04,Thu Sep 18 2025 18:40:46 GMT+0800 (中国标准时间),1758192046
qkds,20,14,'1.42,Thu Sep 18 2025 18:40:50 GMT+0800 (中国标准时间),1758192050
qkds,20,14,'0.84,Thu Sep 18 2025 18:40:57 GMT+0800 (中国标准时间),1758192057
qkds,20,14,'0.96,Thu Sep 18 2025 18:41:07 GMT+0800 (中国标准时间),1758192067
qkds,20,14,'0.93,Thu Sep 18 2025 18:41:17 GMT+0800 (中国标准时间),1758192077
qkds,20,14,'1.03,Thu Sep 18 2025 18:41:37 GMT+0800 (中国标准时间),1758192097
qkds,20,14,'3.81,Thu Sep 18 2025 18:41:46 GMT+0800 (中国标准时间),1758192106
qkds,20,14,'0.99,Thu Sep 18 2025 18:41:57 GMT+0800 (中国标准时间),1758192117
qkds,20,14,'1.51,Thu Sep 18 2025 18:42:02 GMT+0800 (中国标准时间),1758192122
qkds,20,14,'0.83,Thu Sep 18 2025 18:42:28 GMT+0800 (中国标准时间),1758192148
qkds,20,14,'0.80,Thu Sep 18 2025 18:42:40 GMT+0800 (中国标准时间),1758192160
藤岛慈,14,10,'2.18,Fri Sep 19 2025 04:47:35 GMT+0800 (中国标准时间),1758228455
藤岛慈,14,10,'1.52,Fri Sep 19 2025 04:47:43 GMT+0800 (中国标准时间),1758228463
藤岛慈,14,10,'1.39,Fri Sep 19 2025 04:47:50 GMT+0800 (中国标准时间),1758228470
叶离,14,10,'1.64,Fri Sep 19 2025 14:45:57 GMT+0800 (中国标准时间),1758264357
叶离,14,10,'1.67,Fri Sep 19 2025 14:46:20 GMT+0800 (中国标准时间),1758264380
叶离,14,10,'2.70,Fri Sep 19 2025 14:46:41 GMT+0800 (中国标准时间),1758264401
叶离,14,10,'2.66,Fri Sep 19 2025 14:46:47 GMT+0800 (中国标准时间),1758264407
叶离,14,10,'1.63,Fri Sep 19 2025 14:46:56 GMT+0800 (中国标准时间),1758264416
叶离,14,10,'2.40,Fri Sep 19 2025 14:47:15 GMT+0800 (中国标准时间),1758264435
叶离,14,10,'1.87,Fri Sep 19 2025 14:47:36 GMT+0800 (中国标准时间),1758264456
叶离,14,10,'1.43,Fri Sep 19 2025 14:47:58 GMT+0800 (中国标准时间),1758264478
叶离,14,10,'0.97,Fri Sep 19 2025 14:48:02 GMT+0800 (中国标准时间),1758264482
乙宗梢,20,14,'1.78,Fri Sep 19 2025 23:27:37 GMT+0800 (中国标准时间),1758295657
夕雾缀理,14,10,'2.23,Sat Sep 20 2025 00:37:39 GMT+0800 (中国标准时间),1758299859
乙宗梢,14,10,'2.74,Sat Sep 20 2025 15:54:52 GMT+0800 (中国标准时间),1758354892
夕雾缀理,14,10,'2.28,Sat Sep 20 2025 21:40:04 GMT+0800 (中国标准时间),1758375604
灵感菇,14,10,'1.56,Sun Sep 21 2025 02:22:35 GMT+0800 (中国标准时间),1758392555
灵感菇,14,10,'1.11,Sun Sep 21 2025 02:22:49 GMT+0800 (中国标准时间),1758392569
祈止,14,10,'1.96,Mon Sep 22 2025 16:04:21 GMT+0800 (中国标准时间),1758528261
芯一_,14,10,'2.80,Mon Sep 22 2025 18:03:59 GMT+0800 (中国标准时间),1758535439
芯一_,14,10,'2.56,Mon Sep 22 2025 18:04:33 GMT+0800 (中国标准时间),1758535473
芯一_,14,10,'1.64,Mon Sep 22 2025 18:04:47 GMT+0800 (中国标准时间),1758535487
芯一_,14,10,'2.69,Mon Sep 22 2025 18:04:54 GMT+0800 (中国标准时间),1758535494
芯一_,14,10,'2.46,Mon Sep 22 2025 18:05:12 GMT+0800 (中国标准时间),1758535512
芯一_,14,10,'2.17,Mon Sep 22 2025 18:05:32 GMT+0800 (中国标准时间),1758535532
乙宗梢,14,10,'2.37,Mon Sep 22 2025 21:21:16 GMT+0300 (东部非洲时间),1758565276
安养寺姬芽,20,14,'0.99,Mon Sep 22 2025 21:23:15 GMT+0300 (东部非洲时间),1758565395
夕雾缀理,14,10,'1.86,Tue Sep 23 2025 12:00:41 GMT+0800 (中国标准时间),1758600041
日野下花帆,14,10,'1.45,Tue Sep 23 2025 16:14:09 GMT+0800 (中国标准时间),1758615249
藤岛慈,14,10,'2.81,Tue Sep 23 2025 19:26:29 GMT+0800 (中国标准时间),1758626789
藤岛慈,14,10,'1.44,Wed Sep 24 2025 03:03:09 GMT+0800 (中国标准时间),1758654189
夕雾缀理,14,10,'2.67,Wed Sep 24 2025 15:03:47 GMT+0800 (中国标准时间),1758697427
百生吟子,14,10,'1.81,Wed Sep 24 2025 16:56:28 GMT+0800 (中国标准时间),1758704188
小程,20,14,'2.06,Wed Sep 24 2025 19:36:49 GMT+0800 (中国标准时间),1758713809
小程,20,14,'1.37,Wed Sep 24 2025 19:37:41 GMT+0800 (中国标准时间),1758713861
藤岛慈,14,10,'2.73,Wed Sep 24 2025 20:16:48 GMT+0800 (中国标准时间),1758716208
村野沙耶香,14,10,'2.37,Wed Sep 24 2025 23:49:18 GMT+0800 (中国标准时间),1758728958
安养寺姬芽,14,10,'1.88,Fri Sep 26 2025 17:29:10 GMT+0900 (日本标准时间),1758875350
安养寺姬芽,14,10,'2.63,Fri Sep 26 2025 17:38:29 GMT+0900 (日本标准时间),1758875909
安养寺姬芽,20,14,'3.31,Fri Sep 26 2025 17:38:49 GMT+0900 (日本标准时间),1758875929
假想大王,14,10,'2.09,Fri Sep 26 2025 19:51:51 GMT+0800 (中国标准时间),1758887511
塞拉斯·柳田·利林费尔德,14,10,'2.28,Sat Sep 27 2025 11:21:20 GMT+0800 (中国标准时间),1758943280
塞拉斯·柳田·利林费尔德,14,10,'1.55,Sat Sep 27 2025 11:21:39 GMT+0800 (中国标准时间),1758943299
塞拉斯·柳田·利林费尔德,14,10,'2.10,Sat Sep 27 2025 11:21:52 GMT+0800 (中国标准时间),1758943312
塞拉斯·柳田·利林费尔德,14,10,'1.52,Sat Sep 27 2025 11:22:11 GMT+0800 (中国标准时间),1758943331
徒町小铃,20,14,'2.92,Sat Sep 27 2025 12:01:29 GMT+0800 (中国标准时间),1758945689
徒町小铃,14,14,'3.20,Sat Sep 27 2025 12:02:47 GMT+0800 (中国标准时间),1758945767
京爷贞浩赫,14,10,'2.95,Sat Sep 27 2025 12:21:50 GMT+0800 (中国标准时间),1758946910
京爷贞浩赫,14,10,'1.42,Sat Sep 27 2025 12:23:02 GMT+0800 (中国标准时间),1758946982
京爷贞浩赫,14,10,'1.65,Sat Sep 27 2025 12:23:20 GMT+0800 (中国标准时间),1758947000
夕雾缀理,14,10,'2.21,Sat Sep 27 2025 16:34:47 GMT+0800 (中国标准时间),1758962087
夕雾缀理,14,10,'1.63,Sat Sep 27 2025 16:34:58 GMT+0800 (中国标准时间),1758962098
徒町小铃,14,10,'1.39,Sun Sep 28 2025 00:20:53 GMT+0800 (CST),1758990053
徒町小铃,20,20,'8.44,Sun Sep 28 2025 00:21:31 GMT+0800 (CST),1758990091
唐一涵,14,10,'1.60,Sun Sep 28 2025 15:43:14 GMT+0800 (中国标准时间),1759045394
唐一涵,14,10,'2.03,Sun Sep 28 2025 15:44:05 GMT+0800 (中国标准时间),1759045445
唐一涵,14,10,'1.71,Sun Sep 28 2025 15:44:11 GMT+0800 (中国标准时间),1759045451
唐一涵,20,14,'4.62,Sun Sep 28 2025 15:44:19 GMT+0800 (中国标准时间),1759045459
唐一涵,20,14,'4.03,Sun Sep 28 2025 15:45:23 GMT+0800 (中国标准时间),1759045523
唐一涵,20,14,'5.58,Sun Sep 28 2025 15:45:49 GMT+0800 (中国标准时间),1759045549
唐一涵,20,14,'2.00,Sun Sep 28 2025 15:45:55 GMT+0800 (中国标准时间),1759045555
唐一涵,20,14,'4.08,Sun Sep 28 2025 15:46:24 GMT+0800 (中国标准时间),1759045584
唐一涵,20,14,'3.86,Sun Sep 28 2025 15:46:31 GMT+0800 (中国标准时间),1759045591
唐一涵,20,14,'5.45,Sun Sep 28 2025 15:46:40 GMT+0800 (中国标准时间),1759045600
唐一涵,20,14,'3.24,Sun Sep 28 2025 15:46:47 GMT+0800 (中国标准时间),1759045607
唐一涵,20,14,'3.14,Sun Sep 28 2025 15:47:17 GMT+0800 (中国标准时间),1759045637
唐一涵,20,14,'2.11,Sun Sep 28 2025 15:47:45 GMT+0800 (中国标准时间),1759045665
唐一涵,20,14,'3.22,Sun Sep 28 2025 15:48:10 GMT+0800 (中国标准时间),1759045690
安养寺姬芽,14,10,'1.53,Sun Sep 28 2025 18:20:25 GMT+0800 (中国标准时间),1759054825
zzc,20,14,'1.89,Sun Sep 28 2025 19:50:06 GMT+0800 (中国标准时间),1759060206
徒町小铃,14,10,'1.39,Sun Sep 28 2025 20:39:40 GMT+0800 (中国标准时间),1759063180
徒町小铃,14,10,'2.28,Sun Sep 28 2025 20:39:50 GMT+0800 (中国标准时间),1759063190
伏特加,14,14,'3.69,Mon Sep 29 2025 02:07:50 GMT+0800 (中国标准时间),1759082870
伏特加,14,14,'2.06,Mon Sep 29 2025 02:08:10 GMT+0800 (中国标准时间),1759082890
夕雾缀理,14,10,'1.54,Mon Sep 29 2025 11:09:46 GMT+0800 (中国标准时间),1759115386
夕雾缀理,14,10,'1.93,Mon Sep 29 2025 11:11:57 GMT+0800 (中国标准时间),1759115517
村野沙耶香,14,10,'1.26,Mon Sep 29 2025 14:42:54 GMT+0800 (中国标准时间),1759128174
塞拉斯·柳田·利林费尔德,14,10,'2.41,Mon Sep 29 2025 19:44:42 GMT+0800 (中国标准时间),1759146282
Dark Circles,14,10,'2.62,Mon Sep 29 2025 20:56:19 GMT+0800 (中国标准时间),1759150579
夕雾缀理,14,10,'2.13,Tue Sep 30 2025 10:20:39 GMT+0800 (中国标准时间),1759198839
藤岛慈,14,10,'2.48,Tue Sep 30 2025 10:40:43 GMT+0800 (香港标准时间),1759200043
藤岛慈,14,10,'1.92,Tue Sep 30 2025 10:42:36 GMT+0800 (香港标准时间),1759200156
夕雾缀理,14,10,'2.71,Tue Sep 30 2025 16:44:08 GMT+0800 (中国标准时间),1759221848
夕雾缀理,14,10,'1.63,Tue Sep 30 2025 16:44:20 GMT+0800 (中国标准时间),1759221860
夕雾缀理,14,10,'2.47,Tue Sep 30 2025 16:45:54 GMT+0800 (中国标准时间),1759221954
夕雾缀理,14,10,'1.31,Tue Sep 30 2025 16:46:14 GMT+0800 (中国标准时间),1759221974
夕雾缀理,14,10,'2.75,Tue Sep 30 2025 16:46:37 GMT+0800 (中国标准时间),1759221997
夕雾缀理,14,10,'2.99,Tue Sep 30 2025 16:46:48 GMT+0800 (中国标准时间),1759222008
夕雾缀理,14,10,'2.50,Tue Sep 30 2025 16:49:01 GMT+0800 (中国标准时间),1759222141
夕雾缀理,20,14,'5.74,Tue Sep 30 2025 16:52:58 GMT+0800 (中国标准时间),1759222378
夕雾缀理,20,14,'5.51,Tue Sep 30 2025 16:53:22 GMT+0800 (中国标准时间),1759222402
潮必社惊,14,10,'2.11,Tue Sep 30 2025 22:27:13 GMT+0800 (中国标准时间),1759242433
Oosawa Rurino,14,10,'1.81,Tue Sep 30 2025 22:27:40 GMT+0800 (中国标准时间),1759242460
安养寺姬芽,14,10,'2.73,Wed Oct 01 2025 00:23:51 GMT+0800 (中国标准时间),1759249431
日野下花帆,14,10,'1.88,Wed Oct 01 2025 13:06:27 GMT+0800 (中国标准时间),1759295187
OICA,14,10,'2.72,Thu Oct 02 2025 16:03:29 GMT+0800 (中国标准时间),1759392209
大泽瑠璃乃,14,10,'2.48,Thu Oct 02 2025 18:42:26 GMT+0800 (中国标准时间),1759401746
大泽瑠璃乃,14,10,'2.00,Thu Oct 02 2025 18:42:43 GMT+0800 (中国标准时间),1759401763
大泽瑠璃乃,14,10,'1.80,Thu Oct 02 2025 18:42:57 GMT+0800 (中国标准时间),1759401777
徒町小铃,20,14,'3.11,Thu Oct 02 2025 20:03:12 GMT+0800 (中国标准时间),1759406592
徒町小铃,20,20,'2.40,Fri Oct 03 2025 02:28:38 GMT+0800 (中国标准时间),1759429718
塞拉斯·柳田·利林费尔德,14,10,'2.07,Fri Oct 03 2025 11:43:57 GMT+0800 (中国标准时间),1759463037
塞拉斯·柳田·利林费尔德,14,10,'1.12,Fri Oct 03 2025 11:44:11 GMT+0800 (中国标准时间),1759463051
夕雾缀理,14,10,'1.53,Fri Oct 03 2025 22:33:30 GMT+0800 (中国标准时间),1759502010
村野沙耶香,14,10,'1.81,Fri Oct 03 2025 23:29:42 GMT+0800 (中国标准时间),1759505382
Dark Circles,14,10,'2.74,Sat Oct 04 2025 18:29:36 GMT+0800 (中国标准时间),1759573776
dark circles,14,10,'1.31,Sat Oct 04 2025 18:30:41 GMT+0800 (中国标准时间),1759573841
日野下花帆,14,10,'1.43,Sun Oct 05 2025 02:08:15 GMT+0800 (中国标准时间),1759601295
藤岛慈,14,10,'2.82,Sun Oct 05 2025 18:41:52 GMT+0800 (中国标准时间),1759660912
乙宗梢,14,10,'1.48,Mon Oct 06 2025 06:12:17 GMT+0800 (中国标准时间),1759702337
乙宗梢,14,10,'1.65,Mon Oct 06 2025 06:13:29 GMT+0800 (中国标准时间),1759702409
乙宗梢,14,10,'2.88,Mon Oct 06 2025 12:19:27 GMT+0800 (中国标准时间),1759724367
乙宗梢,14,10,'2.14,Mon Oct 06 2025 12:20:11 GMT+0800 (中国标准时间),1759724411
夕雾缀理,10,10,'1.45,Mon Oct 06 2025 18:17:41 GMT+0800 (中国标准时间),1759745861
雾屿垣衣,14,10,'1.81,Mon Oct 06 2025 20:01:35 GMT+0800 (中国标准时间),1759752095
乙宗梢,20,20,'8.20,Mon Oct 06 2025 23:58:11 GMT+0800 (中国标准时间),1759766291
爸爸,14,10,'2.58,Tue Oct 07 2025 00:00:43 GMT+0800 (中国标准时间),1759766443
爸爸,14,10,'1.97,Tue Oct 07 2025 00:02:24 GMT+0800 (中国标准时间),1759766544
爸爸,20,14,'4.77,Tue Oct 07 2025 00:02:38 GMT+0800 (中国标准时间),1759766558
百生吟子,14,10,'2.10,Tue Oct 07 2025 06:25:31 GMT+0800 (中国标准时间),1759789531
久言,14,10,'1.44,Tue Oct 07 2025 06:25:45 GMT+0800 (中国标准时间),1759789545
百生吟子,14,10,'2.96,Tue Oct 07 2025 09:40:41 GMT+0800 (中国标准时间),1759801241
耶,20,14,'1.60,Tue Oct 07 2025 23:17:22 GMT+0800 (中国标准时间),1759850242
耶,20,20,'0.79,Tue Oct 07 2025 23:18:23 GMT+0800 (中国标准时间),1759850303
百生吟子,14,14,'3.02,Wed Oct 08 2025 14:00:04 GMT+0800 (CST),1759903204
那个男人,14,10,'1.80,Wed Oct 08 2025 14:40:30 GMT+0800 (中国标准时间),1759905630
夕雾缀理,14,10,'2.86,Wed Oct 08 2025 17:26:04 GMT+0800 (中国标准时间),1759915564
百生吟子,14,10,'1.60,Thu Oct 09 2025 05:00:50 GMT+0800 (中国标准时间),1759957250
百生吟子,14,10,'1.37,Thu Oct 09 2025 05:01:09 GMT+0800 (中国标准时间),1759957269
百生吟子,14,10,'1.40,Thu Oct 09 2025 05:01:16 GMT+0800 (中国标准时间),1759957276
百生吟子,20,14,'1.47,Thu Oct 09 2025 05:01:26 GMT+0800 (中国标准时间),1759957286
百生吟子,20,14,'3.15,Thu Oct 09 2025 05:01:33 GMT+0800 (中国标准时间),1759957293
徒町小铃,14,10,'2.99,Thu Oct 09 2025 11:45:29 GMT+0800 (中国标准时间),1759981529
芯一_,14,10,'2.96,Fri Oct 10 2025 14:22:48 GMT+0800 (中国标准时间),1760077368
芯一_,14,10,'1.24,Fri Oct 10 2025 14:23:54 GMT+0800 (中国标准时间),1760077434
芯一_,14,10,'2.31,Fri Oct 10 2025 14:24:01 GMT+0800 (中国标准时间),1760077441
芯一_,14,10,'1.16,Fri Oct 10 2025 14:24:06 GMT+0800 (中国标准时间),1760077446
芯一_,14,10,'1.00,Fri Oct 10 2025 14:24:10 GMT+0800 (中国标准时间),1760077450
芯一_,14,10,'1.70,Fri Oct 10 2025 14:24:14 GMT+0800 (中国标准时间),1760077454
芯一_,14,10,'1.35,Fri Oct 10 2025 14:24:19 GMT+0800 (中国标准时间),1760077459
芯一_,14,10,'1.67,Fri Oct 10 2025 14:24:23 GMT+0800 (中国标准时间),1760077463
芯一_,14,10,'1.07,Fri Oct 10 2025 14:24:27 GMT+0800 (中国标准时间),1760077467
芯一_,14,10,'1.00,Fri Oct 10 2025 14:24:31 GMT+0800 (中国标准时间),1760077471
芯一_,14,10,'0.90,Fri Oct 10 2025 14:24:35 GMT+0800 (中国标准时间),1760077475
芯一_,14,10,'0.98,Fri Oct 10 2025 14:24:57 GMT+0800 (中国标准时间),1760077497
芯一_,14,10,'1.12,Fri Oct 10 2025 14:25:02 GMT+0800 (中国标准时间),1760077502
dcba,20,14,'1.74,Fri Oct 10 2025 14:42:31 GMT+0800 (中国标准时间),1760078551
dcba,20,14,'1.79,Fri Oct 10 2025 14:43:50 GMT+0800 (中国标准时间),1760078630
塞拉斯·柳田·利林费尔德,14,10,'2.24,Sat Oct 11 2025 00:44:09 GMT+0800 (中国标准时间),1760114649
安养寺姬芽,14,10,'2.68,Sun Oct 12 2025 00:57:30 GMT+0800 (香港标准时间),1760201850
藤岛慈,14,10,'2.51,Sun Oct 12 2025 10:19:58 GMT+0800 (中国标准时间),1760235598
年欢谕,20,14,'4.50,Sun Oct 12 2025 10:22:26 GMT+0800 (中国标准时间),1760235746
年欢谕,20,14,'1.32,Sun Oct 12 2025 10:28:35 GMT+0800 (中国标准时间),1760236115
大泽瑠璃乃,14,10,'1.96,Sun Oct 12 2025 15:52:08 GMT+0800 (中國標準時間),1760255528
大泽瑠璃乃,20,14,'3.83,Mon Oct 13 2025 12:14:59 GMT+0800 (中国标准时间),1760328899
桂城泉,14,10,'1.74,Mon Oct 13 2025 17:01:50 GMT+0800 (中国标准时间),1760346110
安养寺姬芽,14,10,'2.56,Tue Oct 14 2025 11:01:50 GMT+0800 (中国标准时间),1760410910
安养寺姬芽,20,14,'5.19,Tue Oct 14 2025 11:02:03 GMT+0800 (中国标准时间),1760410923
夕雾缀理,20,14,'1.52,Tue Oct 14 2025 14:55:38 GMT+0800 (中国标准时间),1760424938
夕雾缀理,20,14,'3.28,Tue Oct 14 2025 14:55:51 GMT+0800 (中国标准时间),1760424951
夕雾缀理,20,14,'1.77,Tue Oct 14 2025 14:56:25 GMT+0800 (中国标准时间),1760424985
夕雾缀理,20,14,'1.92,Tue Oct 14 2025 14:56:31 GMT+0800 (中国标准时间),1760424991
安养寺姬芽,14,10,'1.07,Tue Oct 14 2025 15:38:40 GMT+0800 (中国标准时间),1760427520
藤岛慈,14,10,'1.60,Tue Oct 14 2025 16:38:37 GMT+0800 (中国标准时间),1760431117
百生吟子,14,10,'2.35,Wed Oct 15 2025 00:22:08 GMT+0800 (中国标准时间),1760458928
百生吟子,14,10,'1.42,Wed Oct 15 2025 00:22:22 GMT+0800 (中国标准时间),1760458942
百生吟子,14,10,'1.40,Wed Oct 15 2025 00:22:30 GMT+0800 (中国标准时间),1760458950
百生吟子,14,10,'1.11,Wed Oct 15 2025 00:22:35 GMT+0800 (中国标准时间),1760458955
义眼定真,14,10,'1.88,Wed Oct 15 2025 15:53:01 GMT+0800 (中国标准时间),1760514781
日野下花帆,14,10,'2.69,Thu Oct 16 2025 02:05:38 GMT+0800 (中国标准时间),1760551538
日野下花帆,14,10,'2.98,Thu Oct 16 2025 02:07:20 GMT+0800 (中国标准时间),1760551640
大泽瑠璃乃,14,10,'2.32,Thu Oct 16 2025 14:03:10 GMT+0800 (中国标准时间),1760594590
ASO,14,10,'2.68,Thu Oct 16 2025 15:54:50 GMT+0800 (中国标准时间),1760601290
百生吟子,14,10,'2.08,Fri Oct 17 2025 14:37:53 GMT+0800 (中国标准时间),1760683073
安养寺姬芽,20,14,'1.25,Fri Oct 17 2025 15:01:35 GMT+0800 (中国标准时间),1760684495
徒町小铃,20,14,'2.44,Fri Oct 17 2025 15:02:05 GMT+0800 (中国标准时间),1760684525
日野下花帆,14,10,'1.91,Fri Oct 17 2025 16:02:38 GMT+0800 (中国标准时间),1760688158
徒町小铃,14,10,'2.00,Fri Oct 17 2025 17:27:34 GMT+0800 (中国标准时间),1760693254
安养寺姬芽,20,14,'2.59,Fri Oct 17 2025 18:11:42 GMT+0800 (中国标准时间),1760695902
安养寺姬芽,14,10,'2.03,Fri Oct 17 2025 20:21:58 GMT+0800 (中国标准时间),1760703718
塞拉斯·柳田·利林费尔德,14,10,'2.08,Sat Oct 18 2025 10:52:00 GMT+0800 (中国标准时间),1760755920
塞拉斯·柳田·利林费尔德,14,10,'1.30,Sat Oct 18 2025 10:52:18 GMT+0800 (中国标准时间),1760755938
藤岛慈,14,10,'2.87,Sat Oct 18 2025 18:54:52 GMT+0800 (中国标准时间),1760784892
乙宗梢,14,10,'1.32,Sat Oct 18 2025 21:18:30 GMT+0800 (中国标准时间),1760793510
乙宗梢,14,10,'1.19,Sat Oct 18 2025 21:18:40 GMT+0800 (中国标准时间),1760793520
乙宗梢,14,10,'2.50,Sat Oct 18 2025 21:18:52 GMT+0800 (中国标准时间),1760793532
夕雾缀理,14,10,'1.77,Sun Oct 19 2025 03:29:24 GMT+0800 (中国标准时间),1760815764
百生吟子,14,10,'1.52,Sun Oct 19 2025 19:10:37 GMT+0800 (中国标准时间),1760872237
百生吟子,14,10,'1.38,Sun Oct 19 2025 19:10:46 GMT+0800 (中国标准时间),1760872246
塞拉斯·柳田·利林费尔德,14,10,'1.66,Mon Oct 20 2025 00:00:19 GMT+0800 (香港标准时间),1760889619
桂城泉,14,10,'1.79,Mon Oct 20 2025 15:38:33 GMT+0800 (中国标准时间),1760945913
大泽瑠璃乃,14,10,'2.50,Mon Oct 20 2025 15:56:35 GMT+0800 (中国标准时间),1760946995
藤岛慈,14,10,'2.13,Mon Oct 20 2025 15:57:09 GMT+0800 (中国标准时间),1760947029
乙宗梢,14,10,'1.74,Mon Oct 20 2025 16:43:29 GMT+0800 (中国标准时间),1760949809
乙宗梢,14,10,'1.65,Mon Oct 20 2025 16:43:41 GMT+0800 (中国标准时间),1760949821
百生吟子,14,10,'1.41,Tue Oct 21 2025 01:29:14 GMT+0800 (中国标准时间),1760981354
北桥,14,10,'0.92,Tue Oct 21 2025 01:30:04 GMT+0800 (中国标准时间),1760981404
北桥,14,10,'1.76,Tue Oct 21 2025 01:31:19 GMT+0800 (中国标准时间),1760981479
北桥,14,10,'2.67,Tue Oct 21 2025 01:31:30 GMT+0800 (中国标准时间),1760981490
北桥,14,10,'2.68,Tue Oct 21 2025 01:31:46 GMT+0800 (中国标准时间),1760981506
北桥,14,10,'2.94,Tue Oct 21 2025 01:31:52 GMT+0800 (中国标准时间),1760981512
北桥,14,10,'1.77,Tue Oct 21 2025 01:32:40 GMT+0800 (中国标准时间),1760981560
北桥,14,10,'2.20,Tue Oct 21 2025 01:33:03 GMT+0800 (中国标准时间),1760981583
北桥,14,10,'2.20,Tue Oct 21 2025 01:33:17 GMT+0800 (中国标准时间),1760981597
北桥,14,10,'1.67,Tue Oct 21 2025 01:33:22 GMT+0800 (中国标准时间),1760981602
北桥,14,10,'2.80,Tue Oct 21 2025 01:33:32 GMT+0800 (中国标准时间),1760981612
北桥,14,10,'0.88,Tue Oct 21 2025 01:33:35 GMT+0800 (中国标准时间),1760981615
北桥,14,10,'2.52,Tue Oct 21 2025 01:33:41 GMT+0800 (中国标准时间),1760981621
北桥,14,10,'2.54,Tue Oct 21 2025 01:33:58 GMT+0800 (中国标准时间),1760981638
北桥,14,10,'2.49,Tue Oct 21 2025 01:34:03 GMT+0800 (中国标准时间),1760981643
北桥,14,10,'2.53,Tue Oct 21 2025 01:34:44 GMT+0800 (中国标准时间),1760981684
北桥,14,10,'3.00,Tue Oct 21 2025 01:35:09 GMT+0800 (中国标准时间),1760981709
北桥,14,10,'2.66,Tue Oct 21 2025 01:35:19 GMT+0800 (中国标准时间),1760981719
北桥,14,10,'2.77,Tue Oct 21 2025 01:35:25 GMT+0800 (中国标准时间),1760981725
北桥,14,10,'1.98,Tue Oct 21 2025 01:35:43 GMT+0800 (中国标准时间),1760981743
北桥,14,10,'2.48,Tue Oct 21 2025 01:35:50 GMT+0800 (中国标准时间),1760981750
北桥,14,10,'1.67,Tue Oct 21 2025 01:36:00 GMT+0800 (中国标准时间),1760981760
北桥,14,10,'1.82,Tue Oct 21 2025 01:36:09 GMT+0800 (中国标准时间),1760981769
北桥,14,10,'1.13,Tue Oct 21 2025 01:36:13 GMT+0800 (中国标准时间),1760981773
北桥,14,10,'2.48,Tue Oct 21 2025 01:36:55 GMT+0800 (中国标准时间),1760981815
北桥,14,10,'2.60,Tue Oct 21 2025 01:37:06 GMT+0800 (中国标准时间),1760981826
北桥,14,10,'1.06,Tue Oct 21 2025 01:37:14 GMT+0800 (中国标准时间),1760981834
北桥,14,10,'2.32,Tue Oct 21 2025 01:37:19 GMT+0800 (中国标准时间),1760981839
北桥,14,10,'1.95,Tue Oct 21 2025 01:37:25 GMT+0800 (中国标准时间),1760981845
北桥,14,10,'2.89,Tue Oct 21 2025 01:37:36 GMT+0800 (中国标准时间),1760981856
北桥,14,10,'1.78,Tue Oct 21 2025 01:37:47 GMT+0800 (中国标准时间),1760981867
北桥,14,10,'0.91,Tue Oct 21 2025 01:37:51 GMT+0800 (中国标准时间),1760981871
北桥,14,10,'2.07,Tue Oct 21 2025 01:38:00 GMT+0800 (中国标准时间),1760981880
北桥,14,10,'2.67,Tue Oct 21 2025 01:38:08 GMT+0800 (中国标准时间),1760981888
大泽瑠璃乃,14,10,'2.09,Tue Oct 21 2025 01:38:35 GMT+0800 (中国标准时间),1760981915
大泽瑠璃乃,14,10,'2.63,Tue Oct 21 2025 01:39:05 GMT+0800 (中国标准时间),1760981945
大泽瑠璃乃,14,10,'1.60,Tue Oct 21 2025 01:39:16 GMT+0800 (中国标准时间),1760981956
大泽瑠璃乃,14,10,'1.41,Tue Oct 21 2025 01:39:20 GMT+0800 (中国标准时间),1760981960
大泽瑠璃乃,14,10,'1.92,Tue Oct 21 2025 01:39:36 GMT+0800 (中国标准时间),1760981976
塞拉斯·柳田·利林费尔德,14,10,'2.14,Wed Oct 22 2025 15:49:56 GMT+0800 (中国标准时间),1761119396
system系统注册表,14,10,'1.64,Wed Oct 22 2025 15:52:36 GMT+0800 (中国标准时间),1761119556
system系统注册表,20,20,'5.46,Wed Oct 22 2025 15:53:33 GMT+0800 (中国标准时间),1761119613
system系统注册表,14,10,'2.49,Wed Oct 22 2025 15:58:14 GMT+0800 (中国标准时间),1761119894
system系统注册表,20,20,'1.19,Wed Oct 22 2025 16:03:19 GMT+0800 (中国标准时间),1761120199
百生吟子,14,10,'1.92,Wed Oct 22 2025 16:38:35 GMT+0800 (中国标准时间),1761122315
system系统注册表,14,10,'2.00,Wed Oct 22 2025 18:39:05 GMT+0800 (中国标准时间),1761129545
system系统注册表,14,10,'1.79,Wed Oct 22 2025 18:41:29 GMT+0800 (中国标准时间),1761129689
system系统注册表,14,10,'2.58,Wed Oct 22 2025 18:42:34 GMT+0800 (中国标准时间),1761129754
system系统注册表,14,10,'2.59,Wed Oct 22 2025 18:43:14 GMT+0800 (中国标准时间),1761129794
system系统注册表,14,10,'1.63,Wed Oct 22 2025 18:45:05 GMT+0800 (中国标准时间),1761129905
system系统注册表,14,10,'1.45,Wed Oct 22 2025 18:46:44 GMT+0800 (中国标准时间),1761130004
system系统注册表,14,10,'1.48,Wed Oct 22 2025 18:48:22 GMT+0800 (中国标准时间),1761130102
system系统注册表,14,10,'1.15,Wed Oct 22 2025 18:51:18 GMT+0800 (中国标准时间),1761130278
system系统注册表,14,10,'1.87,Wed Oct 22 2025 18:51:24 GMT+0800 (中国标准时间),1761130284
system系统注册表,14,10,'1.57,Wed Oct 22 2025 18:52:00 GMT+0800 (中国标准时间),1761130320
system系统注册表,14,10,'1.12,Wed Oct 22 2025 18:53:57 GMT+0800 (中国标准时间),1761130437
system系统注册表,14,10,'2.72,Wed Oct 22 2025 18:54:09 GMT+0800 (中国标准时间),1761130449
system系统注册表,14,10,'1.76,Wed Oct 22 2025 18:54:48 GMT+0800 (中国标准时间),1761130488
system系统注册表,14,10,'2.22,Wed Oct 22 2025 18:54:59 GMT+0800 (中国标准时间),1761130499
system系统注册表,14,10,'1.25,Wed Oct 22 2025 18:55:19 GMT+0800 (中国标准时间),1761130519
system系统注册表,14,10,'2.45,Wed Oct 22 2025 18:56:25 GMT+0800 (中国标准时间),1761130585
system系统注册表,14,10,'2.92,Wed Oct 22 2025 18:56:50 GMT+0800 (中国标准时间),1761130610
system系统注册表,14,10,'2.56,Wed Oct 22 2025 18:57:02 GMT+0800 (中国标准时间),1761130622
system系统注册表,14,10,'1.42,Wed Oct 22 2025 18:57:15 GMT+0800 (中国标准时间),1761130635
system系统注册表,14,10,'1.13,Wed Oct 22 2025 18:57:26 GMT+0800 (中国标准时间),1761130646
system系统注册表,14,10,'1.99,Wed Oct 22 2025 18:57:46 GMT+0800 (中国标准时间),1761130666
system系统注册表,14,10,'1.07,Wed Oct 22 2025 18:57:50 GMT+0800 (中国标准时间),1761130670
system系统注册表,14,10,'2.06,Wed Oct 22 2025 18:58:01 GMT+0800 (中国标准时间),1761130681
system系统注册表,14,10,'1.26,Wed Oct 22 2025 18:58:07 GMT+0800 (中国标准时间),1761130687
system系统注册表,14,10,'2.38,Wed Oct 22 2025 18:58:17 GMT+0800 (中国标准时间),1761130697
system系统注册表,14,10,'2.78,Wed Oct 22 2025 18:58:37 GMT+0800 (中国标准时间),1761130717
system系统注册表,14,10,'1.62,Wed Oct 22 2025 18:58:44 GMT+0800 (中国标准时间),1761130724
system系统注册表,14,10,'1.58,Wed Oct 22 2025 18:58:50 GMT+0800 (中国标准时间),1761130730
system系统注册表,14,10,'1.21,Wed Oct 22 2025 18:59:08 GMT+0800 (中国标准时间),1761130748
system系统注册表,14,10,'2.31,Wed Oct 22 2025 18:59:19 GMT+0800 (中国标准时间),1761130759
system系统注册表,14,10,'0.79,Wed Oct 22 2025 18:59:28 GMT+0800 (中国标准时间),1761130768
system系统注册表,14,10,'2.86,Wed Oct 22 2025 19:00:58 GMT+0800 (中国标准时间),1761130858
system系统注册表,14,10,'2.27,Wed Oct 22 2025 19:02:47 GMT+0800 (中国标准时间),1761130967
6658,14,10,'1.61,Wed Oct 22 2025 20:57:39 GMT+0800 (中国标准时间),1761137859
6695,14,14,'2.00,Wed Oct 22 2025 20:59:03 GMT+0800 (中国标准时间),1761137943
6695,20,14,'2.41,Wed Oct 22 2025 21:00:37 GMT+0800 (中国标准时间),1761138037
單枫楠,14,10,'1.50,Wed Oct 22 2025 23:23:10 GMT+0800 (中国标准时间),1761146590
單枫楠,14,10,'1.76,Wed Oct 22 2025 23:23:50 GMT+0800 (中国标准时间),1761146630
單枫楠,14,10,'0.92,Wed Oct 22 2025 23:24:02 GMT+0800 (中国标准时间),1761146642
單枫楠,14,10,'1.17,Wed Oct 22 2025 23:24:21 GMT+0800 (中国标准时间),1761146661
村野沙耶香,14,10,'2.72,Thu Oct 23 2025 00:00:52 GMT+0800 (中国标准时间),1761148852
花里みのり,14,10,'2.00,Thu Oct 23 2025 11:27:32 GMT+0800 (中国标准时间),1761190052
system系统注册表,14,10,'2.07,Thu Oct 23 2025 13:03:06 GMT+0800 (中国标准时间),1761195786
system系统注册表,14,10,'0.67,Thu Oct 23 2025 13:04:23 GMT+0800 (中国标准时间),1761195863
夕雾缀理,14,10,'1.34,Thu Oct 23 2025 19:12:02 GMT+0800 (中国标准时间),1761217922
大泽瑠璃乃,14,10,'1.86,Thu Oct 23 2025 19:30:43 GMT+0800 (中国标准时间),1761219043
安养寺姬芽,14,10,'1.50,Fri Oct 24 2025 06:37:22 GMT+0800 (中国标准时间),1761259042
安养寺姬芽,14,10,'2.01,Fri Oct 24 2025 06:37:31 GMT+0800 (中国标准时间),1761259051
塞拉斯·柳田·利林费尔德,14,10,'2.14,Fri Oct 24 2025 09:05:14 GMT+0800 (中国标准时间),1761267914
日野下花帆,14,10,'2.53,Fri Oct 24 2025 21:43:15 GMT+0800 (中国标准时间),1761313395
山田凉,14,10,'2.54,Sat Oct 25 2025 11:37:18 GMT+0800 (中国标准时间),1761363438
徒町小铃,14,10,'2.93,Sat Oct 25 2025 12:23:44 GMT+0800 (中国标准时间),1761366224
乙宗梢,14,10,'2.42,Sat Oct 25 2025 19:36:07 GMT+0800 (中国标准时间),1761392167
村野沙耶香,14,10,'1.42,Sun Oct 26 2025 14:15:13 GMT+0800 (中国标准时间),1761459313
大泽瑠璃乃,20,14,'4.60,Sun Oct 26 2025 18:18:58 GMT+0800 (中国标准时间),1761473938
大泽瑠璃乃,20,14,'1.30,Sun Oct 26 2025 18:19:13 GMT+0800 (中国标准时间),1761473953
大泽瑠璃乃,20,14,'2.12,Sun Oct 26 2025 18:19:36 GMT+0800 (中国标准时间),1761473976
大泽瑠璃乃,20,14,'1.69,Sun Oct 26 2025 18:19:48 GMT+0800 (中国标准时间),1761473988
大泽瑠璃乃,20,14,'1.44,Sun Oct 26 2025 18:19:54 GMT+0800 (中国标准时间),1761473994
大泽瑠璃乃,20,14,'1.32,Sun Oct 26 2025 18:19:59 GMT+0800 (中国标准时间),1761473999
大泽瑠璃乃,20,14,'1.16,Sun Oct 26 2025 18:20:12 GMT+0800 (中国标准时间),1761474012
村野沙耶香,14,10,'1.70,Sun Oct 26 2025 18:20:15 GMT+0800 (中国标准时间),1761474015
大泽瑠璃乃,20,14,'2.28,Sun Oct 26 2025 18:20:17 GMT+0800 (中国标准时间),1761474017
大泽瑠璃乃,20,14,'2.17,Sun Oct 26 2025 18:20:23 GMT+0800 (中国标准时间),1761474023
大泽瑠璃乃,20,14,'1.68,Sun Oct 26 2025 18:20:28 GMT+0800 (中国标准时间),1761474028
大泽瑠璃乃,20,14,'1.32,Sun Oct 26 2025 18:20:34 GMT+0800 (中国标准时间),1761474034
大泽瑠璃乃,20,14,'1.01,Sun Oct 26 2025 18:20:38 GMT+0800 (中国标准时间),1761474038
大泽瑠璃乃,20,14,'2.32,Sun Oct 26 2025 18:20:43 GMT+0800 (中国标准时间),1761474043
大泽瑠璃乃,20,14,'2.81,Sun Oct 26 2025 18:20:51 GMT+0800 (中国标准时间),1761474051
大泽瑠璃乃,20,14,'1.12,Sun Oct 26 2025 18:20:55 GMT+0800 (中国标准时间),1761474055
村野沙耶香,14,10,'2.25,Sun Oct 26 2025 18:21:01 GMT+0800 (中国标准时间),1761474061
大泽瑠璃乃,20,14,'1.98,Sun Oct 26 2025 18:21:01 GMT+0800 (中国标准时间),1761474061
百生吟子,14,10,'2.47,Sun Oct 26 2025 18:30:34 GMT+0800 (中国标准时间),1761474634
百生吟子,20,14,'3.41,Sun Oct 26 2025 18:31:01 GMT+0800 (中国标准时间),1761474661
村野沙耶香,14,10,'2.99,Mon Oct 27 2025 20:45:15 GMT+0800 (中国标准时间),1761569115
村野沙耶香,14,10,'1.04,Mon Oct 27 2025 20:45:32 GMT+0800 (中国标准时间),1761569132
安养寺姬芽,14,10,'2.37,Mon Oct 27 2025 23:23:48 GMT+0800 (中国标准时间),1761578628
你爹,20,20,'2.06,Tue Oct 28 2025 12:56:13 GMT+0900 (Japan Standard Time),1761623773
你爹,20,20,'1.46,Tue Oct 28 2025 12:56:40 GMT+0900 (Japan Standard Time),1761623800
你爹,20,20,'2.87,Tue Oct 28 2025 12:57:54 GMT+0900 (Japan Standard Time),1761623874
桂城泉,14,10,'1.20,Wed Oct 29 2025 03:08:13 GMT+0800 (中国标准时间),1761678493
桂城泉,14,10,'2.11,Wed Oct 29 2025 03:08:25 GMT+0800 (中国标准时间),1761678505
桂城泉,20,14,'4.23,Wed Oct 29 2025 03:08:35 GMT+0800 (中国标准时间),1761678515
桂城泉,14,10,'1.77,Wed Oct 29 2025 03:08:48 GMT+0800 (中国标准时间),1761678528
安养寺姬芽,14,10,'1.94,Thu Oct 30 2025 11:36:38 GMT+0800 (中国标准时间),1761795398
乙宗梢,14,10,'1.75,Thu Oct 30 2025 11:37:10 GMT+0800 (中国标准时间),1761795430
yunlong225,14,10,'1.14,Thu Oct 30 2025 11:37:54 GMT+0800 (中国标准时间),1761795474
yunlong225,20,14,'1.18,Thu Oct 30 2025 11:38:20 GMT+0800 (中国标准时间),1761795500
日野下花帆,14,10,'0.55,Fri Oct 31 2025 13:26:55 GMT+0800 (中国标准时间),1761888415
Dio,14,10,'1.09,Fri Oct 31 2025 19:17:02 GMT+0800 (中国标准时间),1761909422
Dio,14,10,'2.48,Fri Oct 31 2025 19:18:28 GMT+0800 (中国标准时间),1761909508
百生吟子,14,10,'2.85,Sat Nov 01 2025 12:34:31 GMT+0800 (中国标准时间),1761971671
百生吟子,14,10,'1.15,Sat Nov 01 2025 12:34:50 GMT+0800 (中国标准时间),1761971690
给点钱行,14,10,'2.36,Sat Nov 01 2025 13:56:27 GMT+0800 (中国标准时间),1761976587
给跟前行,14,10,'1.03,Sat Nov 01 2025 13:56:59 GMT+0800 (中国标准时间),1761976619
给根铅芯,14,10,'1.01,Sat Nov 01 2025 13:57:10 GMT+0800 (中国标准时间),1761976630
给跟前行,14,10,'0.93,Sat Nov 01 2025 13:57:21 GMT+0800 (中国标准时间),1761976641
给根铅芯,14,10,'0.99,Sat Nov 01 2025 13:57:29 GMT+0800 (中国标准时间),1761976649
桔灯,20,14,'1.79,Sat Nov 01 2025 15:58:49 GMT+0800 (中国标准时间),1761983929
夕雾缀理,14,10,'1.75,Sat Nov 01 2025 17:54:38 GMT+0800 (中国标准时间),1761990878
primo,20,14,'3.42,Sat Nov 01 2025 18:45:58 GMT+0800 (中国标准时间),1761993958
夕雾缀理,14,10,'1.52,Sun Nov 02 2025 00:39:55 GMT+0800 (中国标准时间),1762015195
百生吟子,14,10,'1.42,Sun Nov 02 2025 00:41:13 GMT+0800 (中国标准时间),1762015273
徒町小铃,14,10,'1.48,Sun Nov 02 2025 00:41:31 GMT+0800 (中国标准时间),1762015291
百生吟子,14,10,'2.60,Sun Nov 02 2025 00:42:41 GMT+0800 (中国标准时间),1762015361
百生吟子,14,14,'3.00,Sun Nov 02 2025 01:05:22 GMT+0800 (中国标准时间),1762016722
日野下花帆,20,20,'3.55,Sun Nov 02 2025 11:54:08 GMT+0800 (中国标准时间),1762055648
不准抓青蛙,14,10,'2.39,Mon Nov 03 2025 07:59:41 GMT+0800 (中国标准时间),1762127981
安养寺姬芽,14,10,'2.17,Mon Nov 03 2025 10:47:50 GMT+0800 (中国标准时间),1762138070
桂城泉,14,10,'2.89,Mon Nov 03 2025 17:00:10 GMT+0800 (中国标准时间),1762160410
夕雾缀理,14,10,'2.07,Tue Nov 04 2025 01:57:26 GMT+0800 (中国标准时间),1762192646
日野下花帆,14,10,'0.96,Tue Nov 04 2025 07:44:03 GMT+0800 (中国标准时间),1762213443
日野下花帆,14,10,'1.34,Tue Nov 04 2025 07:44:22 GMT+0800 (中国标准时间),1762213462
日野下花帆,14,10,'0.74,Tue Nov 04 2025 07:44:28 GMT+0800 (中国标准时间),1762213468
夕雾缀理,14,10,'1.29,Wed Nov 05 2025 10:16:55 GMT+0800 (中国标准时间),1762309015
塞拉斯·柳田·利林费尔德,14,10,'1.83,Wed Nov 05 2025 21:40:48 GMT+0800 (中国标准时间),1762350048
liela,20,14,'4.92,Wed Nov 05 2025 23:45:36 GMT+0800 (香港标准时间),1762357536
塞拉斯·柳田·利林费尔德,14,10,'2.54,Thu Nov 06 2025 03:34:00 GMT+0800 (中国标准时间),1762371240
塞拉斯·柳田·利林费尔德,14,10,'1.56,Thu Nov 06 2025 03:34:19 GMT+0800 (中国标准时间),1762371259
w,14,10,'2.77,Fri Nov 07 2025 10:10:26 GMT+0800 (中国标准时间),1762481426
桂城泉,14,10,'1.88,Fri Nov 07 2025 23:14:26 GMT+0800 (中国标准时间),1762528466
徒町小铃,14,10,'2.37,Sat Nov 08 2025 14:46:44 GMT+0800 (中国标准时间),1762584404
地瓜,14,10,'2.39,Sat Nov 08 2025 21:47:39 GMT+0800 (中国标准时间),1762609659
塞拉斯·柳田·利林费尔德,14,10,'1.87,Sat Nov 08 2025 23:49:10 GMT+0800 (中国标准时间),1762616950
塞拉斯·柳田·利林费尔德,14,10,'1.12,Sat Nov 08 2025 23:49:19 GMT+0800 (中国标准时间),1762616959
张军,14,14,'2.82,Sun Nov 09 2025 02:50:55 GMT+0800 (中国标准时间),1762627855
张军,14,14,'1.81,Sun Nov 09 2025 02:51:12 GMT+0800 (中国标准时间),1762627872
安养寺姬芽,20,14,'3.81,Mon Nov 10 2025 15:16:02 GMT+0800 (中国标准时间),1762758962
日野下花帆,14,10,'2.84,Mon Nov 10 2025 15:38:27 GMT+0800 (中国标准时间),1762760307
日野下花帆,14,10,'1.47,Mon Nov 10 2025 15:39:51 GMT+0800 (中国标准时间),1762760391
大泽瑠璃乃,14,10,'1.27,Mon Nov 10 2025 15:40:07 GMT+0800 (中国标准时间),1762760407
大泽瑠璃乃,14,10,'1.34,Mon Nov 10 2025 15:40:18 GMT+0800 (中国标准时间),1762760418
大泽瑠璃乃,14,10,'0.94,Mon Nov 10 2025 15:40:53 GMT+0800 (中国标准时间),1762760453
大泽瑠璃乃,14,10,'0.75,Mon Nov 10 2025 15:41:12 GMT+0800 (中国标准时间),1762760472
徒町小铃,14,10,'2.81,Mon Nov 10 2025 17:00:56 GMT+0800 (中国标准时间),1762765256
Yasuyuu,14,10,'2.41,Mon Nov 10 2025 19:15:06 GMT+0800 (中国标准时间),1762773306
Yasuyuu,14,10,'0.59,Mon Nov 10 2025 19:15:59 GMT+0800 (中国标准时间),1762773359
火花,14,10,'2.09,Tue Nov 11 2025 14:36:44 GMT+0800 (GMT+08:00),1762843004
深绯红,14,10,'1.75,Tue Nov 11 2025 18:51:39 GMT+0800 (中国标准时间),1762858299
深绯红2,14,10,'2.78,Tue Nov 11 2025 18:52:01 GMT+0800 (中国标准时间),1762858321
Emily,14,10,'1.19,Tue Nov 11 2025 19:44:38 GMT+0800 (China Standard Time),1762861478
村野沙耶香,14,10,'2.90,Wed Nov 12 2025 19:40:03 GMT+0800 (中国标准时间),1762947603
夕雾缀理,14,10,'2.12,Thu Nov 13 2025 14:26:21 GMT+0800 (中国标准时间),1763015181
村野沙耶香,14,10,'1.19,Fri Nov 14 2025 18:12:35 GMT+0800 (中国标准时间),1763115155
桂城泉,14,10,'2.18,Sat Nov 15 2025 12:05:56 GMT+0800 (中国标准时间),1763179556
日野下花帆,14,10,'1.69,Sat Nov 15 2025 14:25:50 GMT+0800 (GMT+08:00),1763187950
日野下花帆,14,10,'1.35,Sat Nov 15 2025 14:25:59 GMT+0800 (GMT+08:00),1763187959
日野下花帆,14,10,'0.90,Sat Nov 15 2025 14:26:12 GMT+0800 (GMT+08:00),1763187972
日野下花帆,14,10,'0.50,Sat Nov 15 2025 14:26:17 GMT+0800 (GMT+08:00),1763187977
日野下花帆,14,10,'2.68,Sat Nov 15 2025 14:26:38 GMT+0800 (GMT+08:00),1763187998
塞拉斯·柳田·利林费尔德,14,10,'3.00,Mon Nov 17 2025 04:36:53 GMT+0800 (中国标准时间),1763325413
徒町小铃,20,14,'5.75,Mon Nov 17 2025 17:51:41 GMT+0800 (中国标准时间),1763373101
徒町小铃,20,14,'1.95,Mon Nov 17 2025 17:58:22 GMT+0800 (中国标准时间),1763373502
徒町小铃,20,14,'5.66,Mon Nov 17 2025 18:22:36 GMT+0800 (中国标准时间),1763374956
百生吟子,20,14,'1.24,Mon Nov 17 2025 18:35:44 GMT+0800 (中国标准时间),1763375744
村野沙耶香,14,10,'2.39,Mon Nov 17 2025 20:41:20 GMT+0800 (中国标准时间),1763383280
村野沙耶香,14,10,'2.29,Mon Nov 17 2025 20:41:44 GMT+0800 (中国标准时间),1763383304
大泽瑠璃乃,14,10,'1.49,Mon Nov 17 2025 20:42:09 GMT+0800 (中国标准时间),1763383329
榆次rui,14,10,'1.42,Mon Nov 17 2025 23:28:57 GMT+0800 (中国标准时间),1763393337
榆次rui,14,10,'1.61,Mon Nov 17 2025 23:29:27 GMT+0800 (中国标准时间),1763393367
榆次rui,14,10,'1.90,Mon Nov 17 2025 23:29:44 GMT+0800 (中国标准时间),1763393384
榆次rui,20,14,'1.05,Mon Nov 17 2025 23:30:00 GMT+0800 (中国标准时间),1763393400
安养寺姬芽,14,10,'2.48,Tue Nov 18 2025 00:50:52 GMT+0800 (中国标准时间),1763398252
大泽瑠璃乃,14,10,'1.28,Tue Nov 18 2025 12:49:52 GMT+0800 (中国标准时间),1763441392
夕雾缀理,14,10,'1.08,Wed Nov 19 2025 00:08:09 GMT+0800 (中国标准时间),1763482089
夕雾缀理,14,10,'1.14,Wed Nov 19 2025 00:09:21 GMT+0800 (中国标准时间),1763482161
夕雾缀理,14,10,'0.94,Wed Nov 19 2025 00:09:33 GMT+0800 (中国标准时间),1763482173
夕雾缀理,14,10,'1.01,Wed Nov 19 2025 00:09:42 GMT+0800 (中国标准时间),1763482182
村野沙耶香,20,14,'1.60,Wed Nov 19 2025 08:35:28 GMT+0800 (中国标准时间),1763512528
原神‘’,20,14,'2.45,Wed Nov 19 2025 16:50:00 GMT+0800 (中国标准时间),1763542200
原神‘’,20,14,'1.65,Wed Nov 19 2025 16:50:22 GMT+0800 (中国标准时间),1763542222
Ceras Yanagida Lilienfeld,14,10,'1.44,Thu Nov 20 2025 12:09:43 GMT+1100 (Australian Eastern Daylight Time),1763600983
Ceras Yanagida Lilienfeld,14,10,'2.21,Thu Nov 20 2025 12:10:17 GMT+1100 (Australian Eastern Daylight Time),1763601017
大泽瑠璃乃,14,10,'2.40,Thu Nov 20 2025 09:25:35 GMT+0800 (中国标准时间),1763601935
吾神千斗,14,10,'1.33,Thu Nov 20 2025 12:44:30 GMT+0800 (中国标准时间),1763613870
吾神千斗,14,10,'2.07,Thu Nov 20 2025 12:46:11 GMT+0800 (中国标准时间),1763613971
村野沙耶香,14,10,'1.91,Thu Nov 20 2025 13:55:40 GMT+0800 (中国标准时间),1763618140
日野下花帆,14,10,'1.67,Fri Nov 21 2025 00:29:06 GMT+0800 (台北標準時間),1763656146
日野下花帆,14,10,'2.65,Fri Nov 21 2025 00:32:58 GMT+0800 (台北標準時間),1763656378
日野下花帆,14,10,'2.86,Fri Nov 21 2025 00:33:56 GMT+0800 (台北標準時間),1763656436
日野下花帆,14,10,'2.35,Fri Nov 21 2025 00:35:25 GMT+0800 (台北標準時間),1763656525
乙宗梢,14,10,'1.78,Fri Nov 21 2025 14:07:06 GMT+0800 (中国标准时间),1763705226
百生吟子,14,10,'1.03,Fri Nov 21 2025 17:17:22 GMT+0800 (中国标准时间),1763716642
我自逍遥,14,10,'2.03,Fri Nov 21 2025 22:50:03 GMT+0800 (CST),1763736603
我自逍遥,14,10,'1.36,Fri Nov 21 2025 22:52:43 GMT+0800 (CST),1763736763
moa.,20,14,'2.47,Sat Nov 22 2025 08:49:27 GMT+0800 (中国标准时间),1763772567
mao.,14,10,'2.45,Sat Nov 22 2025 08:50:34 GMT+0800 (中国标准时间),1763772634
hajimi,20,20,'6.70,Sat Nov 22 2025 08:50:58 GMT+0800 (中国标准时间),1763772658
精神病院院长,20,14,'5.85,Sat Nov 22 2025 19:02:12 GMT+0800 (中国标准时间),1763809332
icehole,20,14,'0.94,Sun Nov 23 2025 03:43:51 GMT+0800 (中国标准时间),1763840631
icehole,20,14,'2.38,Sun Nov 23 2025 03:47:28 GMT+0800 (中国标准时间),1763840848
塞拉斯·柳田·利林费尔德,14,10,'2.40,Sun Nov 23 2025 11:41:12 GMT+0800 (中国标准时间),1763869272
藤岛慈,14,10,'1.81,Sun Nov 23 2025 16:57:31 GMT+0800 (中国标准时间),1763888251
YanO,14,10,'1.38,Sun Nov 23 2025 20:10:31 GMT+0800 (中国标准时间),1763899831
icehole,20,14,'3.66,Sun Nov 23 2025 23:40:47 GMT+0800 (中国标准时间),1763912447
Kolo,20,14,'4.32,Wed Nov 26 2025 13:54:11 GMT+0800 (China Standard Time),1764136451
藤岛慈,14,10,'2.34,Wed Nov 26 2025 23:00:33 GMT+0800 (中国标准时间),1764169233
百生吟子,14,10,'3.00,Wed Nov 26 2025 23:19:36 GMT+0800 (中国标准时间),1764170376
徒町小铃,14,10,'2.40,Thu Nov 27 2025 04:19:01 GMT+0800 (中国标准时间),1764188341
村野沙耶香,14,10,'2.55,Thu Nov 27 2025 14:33:28 GMT+0800 (中国标准时间),1764225208
安养寺姬芽,14,10,'1.94,Thu Nov 27 2025 16:58:17 GMT+0800 (中國標準時間),1764233897
78,14,10,'1.17,Thu Nov 27 2025 20:37:47 GMT+0800 (中国标准时间),1764247067
压力。,14,10,'0.68,Thu Nov 27 2025 20:40:48 GMT+0800 (中国标准时间),1764247248
塞拉斯·柳田·利林费尔德,14,10,'1.61,Sat Nov 29 2025 03:45:01 GMT+0800 (中国标准时间),1764359101
日野下花帆,14,10,'1.54,Sat Nov 29 2025 18:46:30 GMT+0800 (中国标准时间),1764413190
xkdad,14,10,'2.67,Sun Nov 30 2025 04:43:52 GMT+0800 (中国标准时间),1764449032
徒町小铃,14,10,'2.95,Sun Nov 30 2025 13:26:28 GMT+0800 (CST),1764480388
徒町小铃,14,10,'0.91,Sun Nov 30 2025 13:27:23 GMT+0800 (CST),1764480443
安养寺姬芽,14,10,'2.47,Sun Nov 30 2025 21:49:56 GMT+0800 (香港标准时间),1764510596
榆次rui,14,10,'1.73,Mon Dec 01 2025 00:01:21 GMT+0800 (中国标准时间),1764518481
榆次rui,14,10,'1.48,Mon Dec 01 2025 00:01:36 GMT+0800 (中国标准时间),1764518496
榆次rui,14,10,'0.80,Mon Dec 01 2025 00:02:17 GMT+0800 (中国标准时间),1764518537
藤岛慈,20,14,'2.88,Tue Dec 02 2025 01:44:38 GMT+0800 (中国标准时间),1764611078
乙宗梢,20,14,'1.54,Tue Dec 02 2025 21:49:28 GMT+0800 (中国标准时间),1764683368
老6,14,10,'2.35,Wed Dec 03 2025 20:37:11 GMT+0800 (中国标准时间),1764765431
老6,14,10,'0.72,Wed Dec 03 2025 20:37:46 GMT+0800 (中国标准时间),1764765466
wykx,14,10,'2.38,Fri Dec 05 2025 23:07:44 GMT+0800 (中国标准时间),1764947264
qwq,14,10,'1.23,Fri Dec 05 2025 23:08:20 GMT+0800 (中国标准时间),1764947300
大泽瑠璃乃,14,10,'2.50,Sat Dec 06 2025 12:17:07 GMT+0800 (中国标准时间),1764994627
666,14,10,'2.43,Sat Dec 06 2025 14:22:15 GMT+0800 (中国标准时间),1765002135
桂城泉,14,10,'2.84,Sat Dec 06 2025 19:30:52 GMT+0800 (中国标准时间),1765020652
桂城泉,14,10,'1.76,Sat Dec 06 2025 19:31:12 GMT+0800 (中国标准时间),1765020672
桂城泉,14,10,'1.38,Sat Dec 06 2025 19:31:26 GMT+0800 (中国标准时间),1765020686
桂城泉,14,10,'1.32,Sat Dec 06 2025 19:31:35 GMT+0800 (中国标准时间),1765020695
桂城泉,14,10,'1.21,Sat Dec 06 2025 19:31:42 GMT+0800 (中国标准时间),1765020702
日野下花帆,14,10,'2.64,Sun Dec 07 2025 11:17:07 GMT+0800 (中国标准时间),1765077427
日野下花帆,20,14,'0.99,Sun Dec 07 2025 11:18:05 GMT+0800 (中国标准时间),1765077485
村野沙耶香,14,10,'1.63,Mon Dec 08 2025 02:00:07 GMT+0800 (中国标准时间),1765130407
wuyuxuan,14,10,'2.77,Mon Dec 08 2025 18:09:29 GMT+0800 (中国标准时间),1765188569
wuyuxuan,14,10,'2.77,Mon Dec 08 2025 18:11:09 GMT+0800 (中国标准时间),1765188669
Elaina_QAQ,14,10,'2.17,Tue Dec 09 2025 13:41:32 GMT+0800 (中国标准时间),1765258892
Elaina_QAQ,14,10,'1.88,Tue Dec 09 2025 13:43:28 GMT+0800 (中国标准时间),1765259008
塞拉斯·柳田·利林费尔德,14,10,'2.46,Wed Dec 10 2025 00:43:30 GMT+0800 (中国标准时间),1765298610
桂城泉,14,10,'1.98,Wed Dec 10 2025 10:47:44 GMT+0800 (中国标准时间),1765334864
乙宗梢,14,10,'2.95,Wed Dec 10 2025 17:39:42 GMT+0800 (中国标准时间),1765359582
乙宗梢,14,14,'3.77,Wed Dec 10 2025 23:41:21 GMT+0800 (中国标准时间),1765381281
乙宗梢,14,14,'1.71,Wed Dec 10 2025 23:41:39 GMT+0800 (中国标准时间),1765381299
乙宗梢,14,14,'1.92,Wed Dec 10 2025 23:41:46 GMT+0800 (中国标准时间),1765381306
乙宗梢,14,14,'1.57,Wed Dec 10 2025 23:41:51 GMT+0800 (中国标准时间),1765381311
村野沙耶香,14,10,'2.27,Thu Dec 11 2025 15:39:59 GMT+0800 (中国标准时间),1765438799
塞拉斯·柳田·利林费尔德,20,14,'2.03,Fri Dec 12 2025 02:33:18 GMT+0800 (中国标准时间),1765477998
藤岛慈,14,10,'2.14,Thu Dec 11 2025 19:24:52 GMT-0500 (北美东部标准时间),1765499092
日野下花帆,14,10,'1.35,Fri Dec 12 2025 21:35:16 GMT+0800 (中国标准时间),1765546516
塞拉斯·柳田·利林费尔德,14,10,'1.03,Sat Dec 13 2025 03:43:34 GMT+0800 (中国标准时间),1765568614
安养寺姬芽,14,10,'1.17,Sat Dec 13 2025 09:54:02 GMT+0800 (台北標準時間),1765590842
安养寺姬芽,14,10,'1.80,Sat Dec 13 2025 09:54:26 GMT+0800 (台北標準時間),1765590866
乙宗梢,14,10,'1.85,Sat Dec 13 2025 11:18:48 GMT+0800 (中国标准时间),1765595928
大泽瑠璃乃,20,14,'3.07,Sat Dec 13 2025 11:20:43 GMT+0800 (中国标准时间),1765596043
大泽瑠璃乃,20,14,'4.12,Sat Dec 13 2025 11:20:54 GMT+0800 (中国标准时间),1765596054
大泽瑠璃乃,20,14,'4.13,Sat Dec 13 2025 11:21:10 GMT+0800 (中国标准时间),1765596070
大泽瑠璃乃,20,14,'2.14,Sat Dec 13 2025 11:21:15 GMT+0800 (中国标准时间),1765596075
大泽瑠璃乃,20,14,'2.49,Sat Dec 13 2025 11:21:21 GMT+0800 (中国标准时间),1765596081
大泽瑠璃乃,20,14,'2.33,Sat Dec 13 2025 11:21:28 GMT+0800 (中国标准时间),1765596088
大泽瑠璃乃,20,14,'1.74,Sat Dec 13 2025 11:21:32 GMT+0800 (中国标准时间),1765596092
CirNo,14,10,'2.35,Sat Dec 13 2025 21:45:00 GMT+0800 (中国标准时间),1765633500
kiwi666,14,10,'2.29,Sun Dec 14 2025 19:09:48 GMT+0800 (中國標準時間),1765710588
kiwi666,14,10,'1.32,Sun Dec 14 2025 19:10:41 GMT+0800 (中國標準時間),1765710641
百生吟子,14,10,'2.21,Sun Dec 14 2025 23:26:36 GMT+0800 (中国标准时间),1765725996
凉少,14,10,'1.07,Mon Dec 15 2025 14:46:34 GMT+0800 (中国标准时间),1765781194
凉少,14,10,'0.99,Mon Dec 15 2025 14:47:39 GMT+0800 (中国标准时间),1765781259
凉少,14,10,'1.39,Mon Dec 15 2025 14:48:05 GMT+0800 (中国标准时间),1765781285
夕雾缀理,14,10,'1.45,Wed Dec 17 2025 16:46:43 GMT+0800 (中国标准时间),1765961203
徒町小铃,14,10,'2.79,Wed Dec 17 2025 21:20:11 GMT+0800 (中国标准时间),1765977611
徒町小铃,14,10,'1.39,Thu Dec 18 2025 14:03:32 GMT+0800 (中国标准时间),1766037812
徒町小铃,14,10,'2.19,Thu Dec 18 2025 14:05:34 GMT+0800 (中国标准时间),1766037934
乙宗梢,14,10,'2.22,Thu Dec 18 2025 23:08:42 GMT+0800 (中国标准时间),1766070522
水门,14,10,'2.40,Thu Dec 18 2025 23:12:31 GMT+0800 (中国标准时间),1766070751
古月方源,14,10,'1.90,Thu Dec 18 2025 23:13:15 GMT+0800 (中国标准时间),1766070795
加纳,14,10,'1.42,Thu Dec 18 2025 23:13:58 GMT+0800 (中国标准时间),1766070838
村野沙耶香,14,10,'2.86,Sat Dec 20 2025 00:35:40 GMT+0800 (中国标准时间),1766162140
村野沙耶香,14,10,'1.63,Sat Dec 20 2025 00:36:01 GMT+0800 (中国标准时间),1766162161
eleven,14,10,'2.52,Sat Dec 20 2025 09:13:32 GMT+0800 (中国标准时间),1766193212
徒町小铃,14,10,'1.86,Sat Dec 20 2025 16:00:04 GMT+0800 (中国标准时间),1766217604
徒町小铃,14,10,'1.52,Sat Dec 20 2025 16:00:20 GMT+0800 (中国标准时间),1766217620
大鸡巴,20,14,'2.69,Sat Dec 20 2025 20:07:22 GMT+0800 (中国标准时间),1766232442
日野下花帆,14,10,'1.70,Sun Dec 21 2025 03:55:27 GMT+0800 (中国标准时间),1766260527
日野下花帆,14,10,'1.50,Sun Dec 21 2025 03:56:02 GMT+0800 (中国标准时间),1766260562
日野下花帆,14,10,'1.16,Sun Dec 21 2025 03:56:10 GMT+0800 (中国标准时间),1766260570
日野下花帆,14,10,'1.06,Sun Dec 21 2025 03:56:27 GMT+0800 (中国标准时间),1766260587
boring,14,10,'0.74,Sun Dec 21 2025 09:42:24 GMT+0800 (中国标准时间),1766281344
eleven,14,10,'2.14,Sun Dec 21 2025 13:23:04 GMT+0800 (中国标准时间),1766294584
夕雾缀理,14,10,'2.30,Sun Dec 21 2025 23:29:16 GMT+0800 (中国标准时间),1766330956
百生吟子,14,10,'1.02,Tue Dec 23 2025 14:55:26 GMT+0800 (中国标准时间),1766472926
日野下花帆,20,14,'2.61,Wed Dec 24 2025 08:47:13 GMT+0800 (中国标准时间),1766537233
日野下花帆,20,14,'2.33,Wed Dec 24 2025 08:47:38 GMT+0800 (中国标准时间),1766537258
日野下花帆,20,14,'1.44,Wed Dec 24 2025 08:48:26 GMT+0800 (中国标准时间),1766537306
日野下花帆,20,14,'2.74,Wed Dec 24 2025 08:48:33 GMT+0800 (中国标准时间),1766537313
日野下花帆,20,14,'1.30,Wed Dec 24 2025 08:49:04 GMT+0800 (中国标准时间),1766537344
蒋天豪,20,14,'4.02,Wed Dec 24 2025 10:54:56 GMT+0800 (中国标准时间),1766544896
蒋天豪,14,10,'3.00,Wed Dec 24 2025 13:58:52 GMT+0800 (中國標準時間),1766555932
y,14,10,'1.71,Wed Dec 24 2025 22:37:49 GMT+0800 (中国标准时间),1766587069
日野下花帆,14,10,'1.92,Thu Dec 25 2025 09:37:13 GMT+0800 (中国标准时间),1766626633
日野下花帆,20,14,'4.63,Thu Dec 25 2025 09:37:28 GMT+0800 (中国标准时间),1766626648
村野沙耶香,14,10,'2.43,Thu Dec 25 2025 10:54:45 GMT+0800 (中国标准时间),1766631285
百生吟子,14,10,'1.86,Thu Dec 25 2025 12:52:55 GMT+0800 (中国标准时间),1766638375
乙宗梢,14,10,'1.12,Thu Dec 25 2025 20:59:03 GMT+0900 (日本標準時),1766663943
乙宗梢,14,10,'2.45,Thu Dec 25 2025 20:59:12 GMT+0900 (日本標準時),1766663952
aoaoa,14,10,'1.96,Thu Dec 25 2025 20:59:41 GMT+0900 (日本標準時),1766663981
aoaoa,14,10,'1.93,Thu Dec 25 2025 21:00:21 GMT+0900 (日本標準時),1766664021
aoaoa,14,10,'1.41,Thu Dec 25 2025 21:00:30 GMT+0900 (日本標準時),1766664030
aoaoa,14,10,'2.21,Thu Dec 25 2025 21:01:08 GMT+0900 (日本標準時),1766664068
aoaoa,14,10,'2.05,Thu Dec 25 2025 21:01:13 GMT+0900 (日本標準時),1766664073
aoaoa,14,10,'1.92,Thu Dec 25 2025 21:01:28 GMT+0900 (日本標準時),1766664088
aoaoa,14,10,'1.25,Thu Dec 25 2025 21:01:43 GMT+0900 (日本標準時),1766664103
aoaoa,14,10,'0.84,Thu Dec 25 2025 21:02:08 GMT+0900 (日本標準時),1766664128
aoaoa,14,10,'0.65,Thu Dec 25 2025 21:03:06 GMT+0900 (日本標準時),1766664186
aoaoa,14,10,'0.68,Thu Dec 25 2025 21:03:11 GMT+0900 (日本標準時),1766664191
aoaoa,20,20,'6.22,Thu Dec 25 2025 21:03:21 GMT+0900 (日本標準時),1766664201
aoaoa,14,10,'0.71,Thu Dec 25 2025 21:03:40 GMT+0900 (日本標準時),1766664220
aoaoa,14,10,'0.86,Thu Dec 25 2025 21:03:45 GMT+0900 (日本標準時),1766664225
百生吟子,14,10,'1.73,Fri Dec 26 2025 12:51:02 GMT+0800 (中国标准时间),1766724662
藤岛慈,14,10,'2.49,Fri Dec 26 2025 20:18:25 GMT+0800 (中国标准时间),1766751505
乙宗梢,14,10,'3.00,Fri Dec 26 2025 20:19:19 GMT+0800 (中国标准时间),1766751559
安养寺姬芽,14,10,'2.56,Sat Dec 27 2025 17:35:16 GMT+0800 (中国标准时间),1766828116
安养寺姬芽,14,10,'1.54,Sat Dec 27 2025 17:35:47 GMT+0800 (中国标准时间),1766828147
安养寺姬芽,20,20,'1.91,Sat Dec 27 2025 17:36:14 GMT+0800 (中国标准时间),1766828174
桂城泉,20,14,'4.13,Sun Dec 28 2025 01:39:26 GMT+0800 (中国标准时间),1766857166
凛,14,10,'1.84,Sun Dec 28 2025 11:18:58 GMT+0800 (中国标准时间),1766891938
6,14,10,'2.39,Sun Dec 28 2025 11:36:41 GMT+0800 (中国标准时间),1766893001
6,14,10,'2.47,Sun Dec 28 2025 11:38:19 GMT+0800 (中国标准时间),1766893099
6,14,10,'2.58,Sun Dec 28 2025 11:39:02 GMT+0800 (中国标准时间),1766893142
6,14,10,'1.25,Sun Dec 28 2025 11:39:12 GMT+0800 (中国标准时间),1766893152
6,14,10,'1.43,Sun Dec 28 2025 11:39:24 GMT+0800 (中国标准时间),1766893164
6,14,10,'0.92,Sun Dec 28 2025 11:39:31 GMT+0800 (中国标准时间),1766893171
大泽瑠璃乃,14,10,'2.90,Tue Dec 30 2025 02:58:48 GMT+0800 (中国标准时间),1767034728
百生吟子,14,10,'2.19,Tue Dec 30 2025 07:59:10 GMT+0800 (中国标准时间),1767052750
百生吟子,14,10,'1.21,Tue Dec 30 2025 09:56:44 GMT+0800 (中国标准时间),1767059804
桂城泉,14,10,'1.75,Wed Dec 31 2025 04:37:55 GMT+0800 (中国标准时间),1767127075
夕雾缀理,14,10,'2.80,Thu Jan 01 2026 14:17:53 GMT+0800 (中国标准时间),1767248273
藤岛慈,14,10,'1.61,Fri Jan 02 2026 14:07:25 GMT+0800 (中国标准时间),1767334045
DATAERROR_404,14,10,'2.80,Fri Jan 02 2026 18:01:03 GMT+0800 (中国标准时间),1767348063
好家伙,20,14,'5.53,Sat Jan 03 2026 19:04:11 GMT+0800 (中国标准时间),1767438251
好家伙,20,14,'2.87,Sat Jan 03 2026 19:04:57 GMT+0800 (中国标准时间),1767438297
好家伙,20,14,'2.98,Sat Jan 03 2026 19:05:10 GMT+0800 (中国标准时间),1767438310
好家伙,20,14,'5.11,Sat Jan 03 2026 19:05:23 GMT+0800 (中国标准时间),1767438323
徒町小铃,14,10,'1.56,Sat Jan 03 2026 22:43:09 GMT+0800 (中国标准时间),1767451389
日野下花帆,14,10,'1.71,Sun Jan 04 2026 11:09:43 GMT+0800 (中国标准时间),1767496183
夕雾缀理,14,10,'2.07,Mon Jan 05 2026 17:19:08 GMT+0800 (中国标准时间),1767604748
安养寺姬芽,14,10,'0.70,Tue Jan 06 2026 23:34:54 GMT+0800 (香港标准时间),1767713694
百生吟子,14,10,'2.90,Wed Jan 07 2026 00:36:27 GMT+0800 (中国标准时间),1767717387
藤岛慈,14,10,'1.79,Wed Jan 07 2026 22:52:51 GMT+0800 (中国标准时间),1767797571
村野沙耶香,14,10,'2.15,Thu Jan 08 2026 01:13:13 GMT+0800 (中国标准时间),1767805993
村野沙耶香,14,10,'1.50,Thu Jan 08 2026 01:13:24 GMT+0800 (中国标准时间),1767806004
百生吟子,14,10,'2.69,Thu Jan 08 2026 13:40:37 GMT+0800 (中国标准时间),1767850837
北京的可汗,14,10,'2.92,Thu Jan 08 2026 13:41:01 GMT+0800 (中国标准时间),1767850861
bakla,14,10,'1.84,Thu Jan 08 2026 23:13:36 GMT+0800 (Philippine Standard Time),1767885216
bakla,14,10,'1.25,Thu Jan 08 2026 23:13:55 GMT+0800 (Philippine Standard Time),1767885235
bakla,14,10,'2.61,Thu Jan 08 2026 23:14:00 GMT+0800 (Philippine Standard Time),1767885240
bakla,14,10,'0.81,Thu Jan 08 2026 23:14:06 GMT+0800 (Philippine Standard Time),1767885246
bakla,14,10,'0.81,Thu Jan 08 2026 23:14:13 GMT+0800 (Philippine Standard Time),1767885253
百生吟子,14,10,'2.37,Sat Jan 10 2026 00:50:20 GMT+0800 (中国标准时间),1767977420
我开了,20,14,'2.14,Sat Jan 10 2026 09:38:06 GMT+0800 (中国标准时间),1768009086
村野沙耶香,20,14,'5.09,Sat Jan 10 2026 09:41:08 GMT+0800 (中国标准时间),1768009268
安养寺姬芽,14,10,'2.34,Sat Jan 10 2026 13:12:30 GMT+0800 (中国标准时间),1768021950
神来的,14,10,'2.20,Sat Jan 10 2026 20:58:24 GMT+0800 (中国标准时间),1768049904
大泽瑠璃乃,20,14,'1.97,Sun Jan 11 2026 22:17:50 GMT+0800 (中国标准时间),1768141070
大泽瑠璃乃,20,14,'2.40,Sun Jan 11 2026 22:18:05 GMT+0800 (中国标准时间),1768141085
大泽瑠璃乃,20,14,'1.61,Sun Jan 11 2026 22:18:16 GMT+0800 (中国标准时间),1768141096
安养寺姬芽,14,10,'1.86,Mon Jan 12 2026 02:02:00 GMT+0800 (中国标准时间),1768154520
安养寺姬芽,14,10,'1.60,Mon Jan 12 2026 02:02:09 GMT+0800 (中国标准时间),1768154529
百生吟子,14,10,'2.58,Mon Jan 12 2026 02:44:46 GMT+0800 (中国标准时间),1768157086
Hinoshita Kaho,14,10,'2.92,Mon Jan 12 2026 13:53:54 GMT-0700 (Mountain Standard Time),1768251234
桂城泉,14,10,'1.54,Tue Jan 13 2026 11:16:17 GMT+0800 (中国标准时间),1768274177
桂城泉,14,10,'2.53,Tue Jan 13 2026 11:16:41 GMT+0800 (中国标准时间),1768274201
桂城泉,14,10,'2.19,Tue Jan 13 2026 11:16:54 GMT+0800 (中国标准时间),1768274214
桂城泉,14,10,'1.91,Tue Jan 13 2026 11:17:05 GMT+0800 (中国标准时间),1768274225
Jiyuu_,14,10,'2.15,Wed Jan 14 2026 02:47:29 GMT+0800 (中国标准时间),1768330049
Jiyuu_,14,10,'2.91,Wed Jan 14 2026 02:47:57 GMT+0800 (中国标准时间),1768330077
Jiyuu_,14,10,'2.06,Wed Jan 14 2026 02:48:41 GMT+0800 (中国标准时间),1768330121
乙宗梢,14,10,'1.98,Wed Jan 14 2026 23:31:36 GMT+0800 (中国标准时间),1768404696
村野沙耶香,14,10,'1.00,Sat Jan 17 2026 16:20:51 GMT+0800 (中国标准时间),1768638051
村野沙耶香,20,14,'1.89,Sat Jan 17 2026 16:21:11 GMT+0800 (中国标准时间),1768638071
村野沙耶香,20,14,'2.41,Sun Jan 18 2026 21:57:50 GMT+0800 (中国标准时间),1768744670
村野沙耶香,14,10,'2.60,Mon Jan 19 2026 09:59:55 GMT+0800 (香港标准时间),1768787995
大泽瑠璃乃,14,10,'2.91,Mon Jan 19 2026 17:11:11 GMT+0800 (中国标准时间),1768813871
日野下花帆,14,10,'2.25,Tue Jan 20 2026 01:05:22 GMT+0800 (中国标准时间),1768842322
日野下花帆,14,10,'2.02,Tue Jan 20 2026 01:05:44 GMT+0800 (中国标准时间),1768842344
king,14,10,'1.19,Tue Jan 20 2026 20:43:30 GMT+0800 (中国标准时间),1768913010
king,20,14,'2.18,Tue Jan 20 2026 20:43:59 GMT+0800 (中国标准时间),1768913039
king,20,14,'3.40,Tue Jan 20 2026 20:44:15 GMT+0800 (中国标准时间),1768913055
king,20,14,'2.32,Tue Jan 20 2026 20:44:23 GMT+0800 (中国标准时间),1768913063
king,20,14,'2.34,Tue Jan 20 2026 20:44:29 GMT+0800 (中国标准时间),1768913069
king,20,14,'4.34,Tue Jan 20 2026 20:44:35 GMT+0800 (中国标准时间),1768913075
king,20,14,'2.97,Tue Jan 20 2026 20:44:43 GMT+0800 (中国标准时间),1768913083
king,20,14,'1.75,Tue Jan 20 2026 20:44:53 GMT+0800 (中国标准时间),1768913093
king,20,14,'3.15,Tue Jan 20 2026 20:44:59 GMT+0800 (中国标准时间),1768913099
king,20,14,'2.42,Tue Jan 20 2026 20:45:06 GMT+0800 (中国标准时间),1768913106
king,20,14,'3.47,Tue Jan 20 2026 20:45:12 GMT+0800 (中国标准时间),1768913112
king,20,14,'1.66,Tue Jan 20 2026 20:45:18 GMT+0800 (中国标准时间),1768913118
徒町小铃,14,10,'1.37,Wed Jan 21 2026 07:26:17 GMT+0800 (中国标准时间),1768951577
Kraehe,14,10,'1.83,Thu Jan 22 2026 17:40:08 GMT+0800 (中国标准时间),1769074808
Kraehe,14,10,'2.11,Thu Jan 22 2026 17:42:40 GMT+0800 (中国标准时间),1769074960
Kraehe,14,10,'2.09,Thu Jan 22 2026 17:43:06 GMT+0800 (中国标准时间),1769074986
Kraehe,14,10,'2.92,Thu Jan 22 2026 17:44:49 GMT+0800 (中国标准时间),1769075089
kraehe,14,10,'2.99,Thu Jan 22 2026 17:45:53 GMT+0800 (中国标准时间),1769075153
kraehe,14,10,'2.02,Thu Jan 22 2026 17:46:47 GMT+0800 (中国标准时间),1769075207
kraehe,14,10,'1.75,Thu Jan 22 2026 17:49:04 GMT+0800 (中国标准时间),1769075344
百生吟子,14,10,'2.75,Thu Jan 22 2026 18:54:50 GMT+0800 (中国标准时间),1769079290
桂城泉,14,10,'2.74,Fri Jan 23 2026 18:33:06 GMT+0800 (中国标准时间),1769164386
桂城泉,14,10,'1.16,Fri Jan 23 2026 18:33:18 GMT+0800 (中国标准时间),1769164398
桂城泉,14,10,'1.43,Fri Jan 23 2026 18:33:23 GMT+0800 (中国标准时间),1769164403
桂城泉,14,10,'1.69,Fri Jan 23 2026 18:33:33 GMT+0800 (中国标准时间),1769164413
桂城泉,14,10,'2.83,Fri Jan 23 2026 18:33:50 GMT+0800 (中国标准时间),1769164430
夕雾缀理,14,10,'0.75,Sat Jan 24 2026 12:43:51 GMT+0800 (中国标准时间),1769229831
百生吟子,14,10,'2.64,Sat Jan 24 2026 16:18:54 GMT+0800 (中国标准时间),1769242734
日野下花帆,20,14,'2.81,Sat Jan 24 2026 19:03:47 GMT+0800 (中国标准时间),1769252627
我是赵洋爸爸,20,14,'1.81,Sat Jan 24 2026 19:04:17 GMT+0800 (中国标准时间),1769252657
我是小玩家,20,14,'2.81,Sat Jan 24 2026 19:04:43 GMT+0800 (中国标准时间),1769252683
我是邹亮爸爸,20,14,'1.77,Sat Jan 24 2026 19:05:38 GMT+0800 (中国标准时间),1769252738
我是邹亮爸爸,20,14,'2.36,Sat Jan 24 2026 19:06:02 GMT+0800 (中国标准时间),1769252762
我是邹亮爸爸,20,14,'1.79,Sat Jan 24 2026 19:06:10 GMT+0800 (中国标准时间),1769252770
我是邹亮爸爸,20,14,'2.16,Sat Jan 24 2026 19:06:18 GMT+0800 (中国标准时间),1769252778
我是邹亮爸爸,20,14,'0.92,Sat Jan 24 2026 19:06:23 GMT+0800 (中国标准时间),1769252783
我是邹亮爸爸,20,14,'0.73,Sat Jan 24 2026 19:06:56 GMT+0800 (中国标准时间),1769252816
桂城泉,14,10,'2.22,Sun Jan 25 2026 08:55:22 GMT+0800 (中国标准时间),1769302522
桂城泉,14,10,'1.48,Sun Jan 25 2026 08:55:36 GMT+0800 (中国标准时间),1769302536
安养寺姬芽,14,10,'2.26,Sun Jan 25 2026 11:20:08 GMT+0800 (中国标准时间),1769311208
百生吟子,20,14,'3.30,Sun Jan 25 2026 21:08:31 GMT+0800 (中国标准时间),1769346511
安养寺姬芽,14,10,'0.96,Sun Jan 25 2026 21:21:51 GMT+0800 (中国标准时间),1769347311
百生吟子,14,10,'1.56,Mon Jan 26 2026 02:12:33 GMT+0800 (中国标准时间),1769364753
藤岛慈,14,10,'2.98,Mon Jan 26 2026 10:57:19 GMT+0800 (中国标准时间),1769396239
xmy1145,14,10,'1.76,Mon Jan 26 2026 13:59:40 GMT+0800 (中国标准时间),1769407180
xmy1145,14,10,'2.37,Mon Jan 26 2026 14:00:39 GMT+0800 (中国标准时间),1769407239
xmy1145,14,10,'1.04,Mon Jan 26 2026 14:01:01 GMT+0800 (中国标准时间),1769407261
xmy1145,14,10,'0.97,Mon Jan 26 2026 14:01:09 GMT+0800 (中国标准时间),1769407269
xmy1145,14,10,'0.81,Mon Jan 26 2026 14:01:21 GMT+0800 (中国标准时间),1769407281
藤岛慈,14,10,'0.84,Mon Jan 26 2026 15:11:12 GMT+0800 (中国标准时间),1769411472
藤岛慈,14,10,'1.61,Mon Jan 26 2026 16:45:23 GMT+0800 (中国标准时间),1769417123
夕雾缀理,14,10,'2.32,Tue Jan 27 2026 18:22:48 GMT+0800 (中國標準時間),1769509368
夕雾缀理,14,10,'1.49,Tue Jan 27 2026 18:22:59 GMT+0800 (中國標準時間),1769509379
桂城泉,14,10,'2.41,Wed Jan 28 2026 15:59:51 GMT-0400 (委内瑞拉时间),1769630391
百生吟子,14,10,'1.39,Wed Jan 28 2026 16:00:24 GMT-0400 (委内瑞拉时间),1769630424
大泽瑠璃乃,14,10,'1.74,Thu Jan 29 2026 23:40:02 GMT+0800 (中国标准时间),1769701202
安养寺姬芽,14,10,'2.36,Fri Jan 30 2026 08:07:46 GMT+0800 (中国标准时间),1769731666
安养寺姬芽,14,10,'1.18,Fri Jan 30 2026 12:39:50 GMT+0800 (中国标准时间),1769747990
大泽瑠璃乃,14,10,'2.72,Fri Jan 30 2026 23:47:12 GMT+0800 (中国标准时间),1769788032
91,14,10,'1.65,Fri Jan 30 2026 23:47:28 GMT+0800 (中国标准时间),1769788048
91,20,14,'0.99,Fri Jan 30 2026 23:48:02 GMT+0800 (中国标准时间),1769788082
学园偶像小一十,20,14,'2.01,Sat Jan 31 2026 01:41:27 GMT+0800 (中国标准时间),1769794887
藤岛慈,14,10,'2.14,Fri Jan 30 2026 15:59:32 GMT-0400 (委内瑞拉时间),1769803172
桂城泉,14,10,'1.87,Fri Jan 30 2026 16:02:28 GMT-0400 (委内瑞拉时间),1769803348
桂城泉,14,10,'2.65,Fri Jan 30 2026 16:03:32 GMT-0400 (委内瑞拉时间),1769803412
桂城泉,14,10,'2.52,Fri Jan 30 2026 16:03:56 GMT-0400 (委内瑞拉时间),1769803436
家长检查vu懂哦开到几年都没买肯德基富贵浮云v哦对,14,10,'1.80,Sat Jan 31 2026 12:03:39 GMT+0800 (中国标准时间),1769832219
家长检查vu懂哦开到几年都没买肯德基富贵浮云v哦对,14,10,'2.14,Sat Jan 31 2026 12:04:23 GMT+0800 (中国标准时间),1769832263
家长检查vu懂哦开到几年都没买肯德基富贵浮云v哦对,14,10,'2.23,Sat Jan 31 2026 12:04:39 GMT+0800 (中国标准时间),1769832279
徒町小铃,14,10,'1.93,Sat Jan 31 2026 13:46:35 GMT+0800 (中国标准时间),1769838395
徒町小铃,14,10,'1.47,Sat Jan 31 2026 13:47:48 GMT+0800 (中国标准时间),1769838468
徒町小铃,14,10,'2.07,Sat Jan 31 2026 13:48:13 GMT+0800 (中国标准时间),1769838493
徒町小铃,20,20,'4.37,Sat Jan 31 2026 13:48:47 GMT+0800 (中国标准时间),1769838527
夕雾缀理,14,10,'2.05,Sun Feb 01 2026 11:55:12 GMT+0800 (中国标准时间),1769918112
塞拉斯·柳田·利林费尔德,14,10,'1.60,Sun Feb 01 2026 13:50:13 GMT+0800 (中国标准时间),1769925013
塞拉斯·柳田·利林费尔德,14,10,'1.60,Sun Feb 01 2026 13:50:13 GMT+0800 (中国标准时间),1769925013
藤岛慈,14,10,'0.89,Sun Feb 01 2026 13:50:40 GMT+0800 (中国标准时间),1769925040
徒町小铃,14,10,'2.82,Sun Feb 01 2026 21:06:25 GMT+0800 (中国标准时间),1769951185
桂城泉,14,10,'2.98,Sun Feb 01 2026 23:07:26 GMT+0800 (中国标准时间),1769958446
无畏契约荣誉,14,10,'0.93,Mon Feb 02 2026 15:22:09 GMT+0800 (中国标准时间),1770016929
无畏契约荣誉,14,10,'1.25,Mon Feb 02 2026 15:23:03 GMT+0800 (中国标准时间),1770016983
无畏契约荣誉,20,14,'1.55,Mon Feb 02 2026 15:23:30 GMT+0800 (中国标准时间),1770017010
无畏契约荣誉,100,100,'21.64,Mon Feb 02 2026 15:24:09 GMT+0800 (中国标准时间),1770017049
无畏契约荣誉,100,100,'1.80,Mon Feb 02 2026 15:25:25 GMT+0800 (中国标准时间),1770017125
无畏契约荣誉,100,100,'1.66,Mon Feb 02 2026 15:25:33 GMT+0800 (中国标准时间),1770017133
无畏契约荣誉,100,100,'10.34,Mon Feb 02 2026 15:25:52 GMT+0800 (中国标准时间),1770017152
无畏契约荣誉,100,100,'3.80,Mon Feb 02 2026 15:28:05 GMT+0800 (中国标准时间),1770017285
无畏契约荣誉,100,100,'7.14,Mon Feb 02 2026 15:28:24 GMT+0800 (中国标准时间),1770017304
无畏契约荣誉,14,10,'1.39,Mon Feb 02 2026 15:28:34 GMT+0800 (中国标准时间),1770017314
无畏契约荣誉,14,10,'0.77,Mon Feb 02 2026 15:28:40 GMT+0800 (中国标准时间),1770017320
无畏契约荣誉,14,10,'0.89,Mon Feb 02 2026 15:28:48 GMT+0800 (中国标准时间),1770017328
无畏契约荣誉,14,10,'0.82,Mon Feb 02 2026 15:28:55 GMT+0800 (中国标准时间),1770017335
无畏契约荣誉,14,10,'0.92,Mon Feb 02 2026 15:29:03 GMT+0800 (中国标准时间),1770017343
无畏契约荣誉,14,10,'0.76,Mon Feb 02 2026 15:29:08 GMT+0800 (中国标准时间),1770017348
无畏契约荣誉,14,14,'1.78,Mon Feb 02 2026 15:29:13 GMT+0800 (中国标准时间),1770017353
无畏契约荣誉,14,14,'1.61,Mon Feb 02 2026 15:29:17 GMT+0800 (中国标准时间),1770017357
无畏契约荣誉,14,14,'0.67,Mon Feb 02 2026 15:29:20 GMT+0800 (中国标准时间),1770017360
无畏契约荣誉,20,14,'0.75,Mon Feb 02 2026 15:29:26 GMT+0800 (中国标准时间),1770017366
徒町小铃,14,10,'2.59,Mon Feb 02 2026 19:45:14 GMT+0800 (中国标准时间),1770032714
夕雾缀理,20,14,'2.40,Mon Feb 02 2026 20:01:08 GMT+0800 (中国标准时间),1770033668
安养寺姬芽,14,10,'2.35,Tue Feb 03 2026 03:18:40 GMT+0800 (中国标准时间),1770059920
王不,20,14,'3.61,Tue Feb 03 2026 16:28:02 GMT+0800 (中国标准时间),1770107282
百生吟子,14,10,'2.51,Tue Feb 03 2026 23:12:52 GMT+0800 (中国标准时间),1770131572
塞拉斯·柳田·利林费尔德,14,10,'1.86,Tue Feb 03 2026 23:17:30 GMT+0800 (中国标准时间),1770131850
塞拉斯·柳田·利林费尔德,14,10,'1.77,Tue Feb 03 2026 23:19:11 GMT+0800 (中国标准时间),1770131951
桂城泉,20,14,'1.77,Thu Feb 05 2026 02:04:30 GMT+0800 (中国标准时间),1770228270
大泽瑠璃乃,14,10,'2.69,Thu Feb 05 2026 12:12:32 GMT+0800 (中国标准时间),1770264752
大泽瑠璃乃,14,10,'2.22,Thu Feb 05 2026 12:12:47 GMT+0800 (中国标准时间),1770264767
大泽瑠璃乃,20,14,'2.15,Thu Feb 05 2026 12:13:06 GMT+0800 (中国标准时间),1770264786
请输入文字,14,10,'2.16,Thu Feb 05 2026 23:24:53 GMT+0800 (中国标准时间),1770305093
请输入文字,14,10,'2.10,Thu Feb 05 2026 23:26:16 GMT+0800 (中国标准时间),1770305176
请输入文字,14,10,'1.31,Thu Feb 05 2026 23:27:40 GMT+0800 (中国标准时间),1770305260
请输入文字,14,10,'1.71,Thu Feb 05 2026 23:27:55 GMT+0800 (中国标准时间),1770305275
请输入文字,14,10,'2.35,Thu Feb 05 2026 23:28:07 GMT+0800 (中国标准时间),1770305287
请输入文字,14,10,'0.81,Thu Feb 05 2026 23:28:41 GMT+0800 (中国标准时间),1770305321
请输入文字,14,10,'0.70,Thu Feb 05 2026 23:28:45 GMT+0800 (中国标准时间),1770305325
请输入文字,14,10,'0.94,Thu Feb 05 2026 23:28:50 GMT+0800 (中国标准时间),1770305330
请输入文字,14,10,'0.51,Thu Feb 05 2026 23:28:53 GMT+0800 (中国标准时间),1770305333
百生吟子,14,10,'2.47,Fri Feb 06 2026 02:44:41 GMT+0800 (中国标准时间),1770317081
百生吟子,14,10,'1.92,Fri Feb 06 2026 15:01:18 GMT+0800 (中国标准时间),1770361278
塞拉斯·柳田·利林费尔德,14,10,'2.85,Sat Feb 07 2026 16:13:20 GMT+0800 (中国标准时间),1770452000
村野沙耶香,14,10,'2.76,Sat Feb 07 2026 16:17:30 GMT+0800 (中国标准时间),1770452250
夕雾缀理,14,10,'3.00,Sun Feb 08 2026 15:10:30 GMT+0800 (中国标准时间),1770534630
夕雾缀理,14,10,'2.54,Sun Feb 08 2026 15:10:48 GMT+0800 (中国标准时间),1770534648
夕雾缀理,14,10,'1.63,Sun Feb 08 2026 15:10:54 GMT+0800 (中国标准时间),1770534654
夕雾缀理,14,10,'2.46,Sun Feb 08 2026 15:10:59 GMT+0800 (中国标准时间),1770534659
夕雾缀理,14,10,'2.78,Sun Feb 08 2026 15:11:06 GMT+0800 (中国标准时间),1770534666
夕雾缀理,14,10,'1.36,Sun Feb 08 2026 15:11:17 GMT+0800 (中国标准时间),1770534677
夕雾缀理,14,10,'2.23,Sun Feb 08 2026 15:11:28 GMT+0800 (中国标准时间),1770534688
夕雾缀理,14,10,'1.19,Sun Feb 08 2026 15:11:35 GMT+0800 (中国标准时间),1770534695
张奕,14,10,'2.43,Mon Feb 09 2026 14:16:51 GMT+0800 (中国标准时间),1770617811
徒町小铃,14,10,'2.90,Mon Feb 09 2026 19:13:48 GMT+0800 (中国标准时间),1770635628
徒町小铃,20,14,'5.86,Mon Feb 09 2026 19:15:12 GMT+0800 (中国标准时间),1770635712
塞拉斯·柳田·利林费尔德,14,10,'2.04,Tue Feb 10 2026 12:56:15 GMT+0800 (中国标准时间),1770699375
塞拉斯·柳田·利林费尔德,14,10,'2.94,Wed Feb 11 2026 16:36:50 GMT+0800 (中国标准时间),1770799010
百生吟子,14,10,'1.39,Wed Feb 11 2026 19:47:25 GMT+0800 (中国标准时间),1770810445
桂城泉,14,10,'1.98,Thu Feb 12 2026 19:37:06 GMT+0800 (中国标准时间),1770896226
乙宗梢,14,10,'1.60,Fri Feb 13 2026 01:39:50 GMT+0800 (中国标准时间),1770917990
乙宗梢,14,10,'2.16,Fri Feb 13 2026 01:40:24 GMT+0800 (中国标准时间),1770918024
乙宗梢,14,10,'1.40,Fri Feb 13 2026 01:40:33 GMT+0800 (中国标准时间),1770918033
桂城泉,14,10,'1.59,Fri Feb 13 2026 08:06:52 GMT+0800 (中国标准时间),1770941212
桂城泉,14,10,'2.88,Fri Feb 13 2026 08:07:03 GMT+0800 (中国标准时间),1770941223
安养寺姬芽,14,10,'2.80,Fri Feb 13 2026 17:10:53 GMT+0800 (中国标准时间),1770973853
呵呵,14,10,'0.84,Sat Feb 14 2026 17:50:36 GMT+0800 (中国标准时间),1771062636
徒町小铃,14,10,'2.90,Sun Feb 15 2026 07:06:03 GMT+0800 (中国标准时间),1771110363
桂城泉,14,10,'2.88,Sun Feb 15 2026 21:41:40 GMT+0800 (中国标准时间),1771162900
百生吟子,14,10,'2.44,Mon Feb 16 2026 22:29:00 GMT+0800 (中国标准时间),1771252140
乙宗梢,20,14,'5.31,Wed Feb 18 2026 14:42:37 GMT+0800 (中国标准时间),1771396957
涵涵,14,10,'2.41,Wed Feb 18 2026 22:32:12 GMT+0800 (中国标准时间),1771425132
村野沙耶香,20,20,'7.85,Thu Feb 19 2026 09:22:01 GMT+0800 (中国标准时间),1771464121
神威难藏泪,14,10,'1.46,Thu Feb 19 2026 17:53:55 GMT+0800 (中国标准时间),1771494835
夕雾缀理,14,10,'1.06,Fri Feb 20 2026 02:40:22 GMT+0800 (CST),1771526422
夕雾缀理,14,10,'1.72,Fri Feb 20 2026 05:14:01 GMT+0800 (中国标准时间),1771535641
Ripple,14,10,'2.78,Fri Feb 20 2026 12:00:34 GMT+0800 (香港標準時間),1771560034
乙宗梢,14,10,'1.26,Fri Feb 20 2026 21:31:57 GMT+0800 (中国标准时间),1771594317
塞拉斯·柳田·利林费尔德,14,10,'1.99,Sat Feb 21 2026 14:52:35 GMT+0800 (中国标准时间),1771656755
殷,14,10,'2.62,Sun Feb 22 2026 01:36:17 GMT+0800 (中国标准时间),1771695377
殷,14,10,'2.11,Sun Feb 22 2026 01:38:02 GMT+0800 (中国标准时间),1771695482
殷,20,20,'5.53,Sun Feb 22 2026 01:38:28 GMT+0800 (中国标准时间),1771695508
May  13,14,10,'2.48,Sun Feb 22 2026 09:08:18 GMT+0800 (中国标准时间),1771722498
May13,14,10,'0.84,Sun Feb 22 2026 09:08:46 GMT+0800 (中国标准时间),1771722526
乙宗梢,14,10,'2.90,Sun Feb 22 2026 10:47:35 GMT+0800 (中国标准时间),1771728455
夕雾缀理,20,20,'2.89,Sun Feb 22 2026 14:57:41 GMT+0800 (中国标准时间),1771743461
安养寺姬芽,14,10,'2.76,Sun Feb 22 2026 15:05:41 GMT+0800 (中国标准时间),1771743941
徒町小铃,14,10,'2.27,Sun Feb 22 2026 20:29:54 GMT+0800 (中国标准时间),1771763394
塞拉斯·柳田·利林费尔德,14,10,'2.44,Sun Feb 22 2026 22:56:11 GMT+0800 (中国标准时间),1771772171
急急洋洋的要射了,14,10,'2.83,Mon Feb 23 2026 14:08:08 GMT+0800 (中国标准时间),1771826888
安养寺姬芽,14,10,'2.62,Mon Feb 23 2026 18:10:57 GMT+0800 (CST),1771841457
安养寺姬芽,14,10,'1.79,Mon Feb 23 2026 18:11:23 GMT+0800 (CST),1771841483
桂城泉,14,10,'2.12,Mon Feb 23 2026 23:10:52 GMT+0800 (中国标准时间),1771859452
日野下花帆,14,10,'2.61,Tue Feb 24 2026 01:10:39 GMT+0800 (中国标准时间),1771866639
桂城泉,14,10,'2.40,Tue Feb 24 2026 11:25:21 GMT+0800 (中国标准时间),1771903521
Qx,14,10,'2.95,Tue Feb 24 2026 17:52:05 GMT+0800 (中国标准时间),1771926725
排序,14,10,'1.80,Wed Feb 25 2026 02:14:15 GMT+0800 (中国标准时间),1771956855
大泽瑠璃乃,14,10,'2.92,Wed Feb 25 2026 10:05:25 GMT+0800 (香港标准时间),1771985125
桂城泉,14,10,'2.64,Wed Feb 25 2026 11:17:28 GMT+0800 (中国标准时间),1771989448
桂城泉,20,14,'4.09,Wed Feb 25 2026 11:18:47 GMT+0800 (中国标准时间),1771989527
夕雾缀理,14,10,'2.79,Thu Feb 26 2026 12:23:29 GMT+0800 (中国标准时间),1772079809
夕雾缀理,14,10,'2.42,Thu Feb 26 2026 12:24:30 GMT+0800 (中国标准时间),1772079870
6,14,10,'2.19,Thu Feb 26 2026 15:44:09 GMT+0800 (中国标准时间),1772091849
6,14,10,'1.16,Thu Feb 26 2026 15:44:52 GMT+0800 (中国标准时间),1772091892
塞拉斯·柳田·利林费尔德,14,10,'1.89,Thu Feb 26 2026 16:48:22 GMT+0800 (中国标准时间),1772095702
削嘿籽,14,10,'2.34,Thu Feb 26 2026 18:27:55 GMT+0800 (中国标准时间),1772101675
削嘿籽,20,14,'1.73,Thu Feb 26 2026 18:29:08 GMT+0800 (中国标准时间),1772101748
削嘿籽,20,14,'1.28,Thu Feb 26 2026 18:29:25 GMT+0800 (中国标准时间),1772101765
尚天潇,14,10,'2.85,Thu Feb 26 2026 23:22:51 GMT+0800 (中国标准时间),1772119371
尚天潇,14,10,'1.67,Thu Feb 26 2026 23:23:20 GMT+0800 (中国标准时间),1772119400
0,14,10,'1.65,Fri Feb 27 2026 11:34:10 GMT+0800 (中国标准时间),1772163250
百生吟子,14,10,'2.30,Fri Feb 27 2026 13:27:55 GMT+0800 (中国标准时间),1772170075
姩姩,20,14,'2.25,Fri Feb 27 2026 16:10:22 GMT+0800 (中国标准时间),1772179822
百生吟子,14,10,'2.03,Fri Feb 27 2026 17:25:48 GMT+0800 (中国标准时间),1772184348
百生吟子,14,10,'2.31,Fri Feb 27 2026 17:28:37 GMT+0800 (中国标准时间),1772184517
大泽瑠璃乃,50,50,'49.34,Fri Feb 27 2026 17:34:37 GMT+0800 (中国标准时间),1772184877
乙宗梢,30,30,'10.92,Fri Feb 27 2026 17:35:35 GMT+0800 (中国标准时间),1772184935
百生吟子,50,50,'14.36,Fri Feb 27 2026 17:38:17 GMT+0800 (中国标准时间),1772185097
百生吟子,50,50,'27.23,Fri Feb 27 2026 17:39:12 GMT+0800 (中国标准时间),1772185152
乙宗梢,30,30,'2.76,Fri Feb 27 2026 17:42:29 GMT+0800 (中国标准时间),1772185349
百生吟子,50,50,'32.56,Fri Feb 27 2026 17:49:40 GMT+0800 (中国标准时间),1772185780
安养寺姬芽,14,10,'1.87,Fri Feb 27 2026 18:52:04 GMT+0800 (中国标准时间),1772189524
藤岛慈,14,10,'2.43,Sat Feb 28 2026 14:32:30 GMT+0800 (中国标准时间),1772260350
安养寺姬芽,14,10,'1.58,Sat Feb 28 2026 16:22:23 GMT+0800 (中国标准时间),1772266943
忻xin,20,14,'3.57,Sat Feb 28 2026 21:32:09 GMT+0800 (中国标准时间),1772285529
忻xin,20,14,'3.23,Sat Feb 28 2026 21:33:02 GMT+0800 (中国标准时间),1772285582
村野沙耶香,14,14,'3.02,Sat Feb 28 2026 23:12:20 GMT+0800 (中国标准时间),1772291540
村野沙耶香,14,14,'1.22,Sat Feb 28 2026 23:13:35 GMT+0800 (中国标准时间),1772291615
藤岛慈,14,10,'1.35,Mon Mar 02 2026 16:08:54 GMT+0800 (中国标准时间),1772438934
佛手猫王,14,10,'2.96,Mon Mar 02 2026 17:07:29 GMT+0800 (中国标准时间),1772442449
佛手猫王,14,10,'1.22,Mon Mar 02 2026 17:08:00 GMT+0800 (中国标准时间),1772442480
佛手猫王,14,10,'2.00,Mon Mar 02 2026 17:08:09 GMT+0800 (中国标准时间),1772442489
佛手猫王,14,10,'1.14,Mon Mar 02 2026 17:08:16 GMT+0800 (中国标准时间),1772442496
佛手猫王,14,10,'0.99,Mon Mar 02 2026 17:08:21 GMT+0800 (中国标准时间),1772442501
佛手猫王,14,10,'1.97,Mon Mar 02 2026 17:08:29 GMT+0800 (中国标准时间),1772442509
佛手猫王,14,10,'1.01,Mon Mar 02 2026 17:08:34 GMT+0800 (中国标准时间),1772442514
佛手猫王,14,10,'0.91,Mon Mar 02 2026 17:08:43 GMT+0800 (中国标准时间),1772442523
佛手猫王,14,10,'0.92,Mon Mar 02 2026 17:08:48 GMT+0800 (中国标准时间),1772442528
佛手猫王,14,10,'0.98,Mon Mar 02 2026 17:08:53 GMT+0800 (中国标准时间),1772442533
佛手猫王,14,10,'0.86,Mon Mar 02 2026 17:08:58 GMT+0800 (中国标准时间),1772442538
佛手猫王,14,10,'1.13,Mon Mar 02 2026 17:09:03 GMT+0800 (中国标准时间),1772442543
佛手猫王,14,10,'0.82,Mon Mar 02 2026 17:09:10 GMT+0800 (中国标准时间),1772442550
佛手猫王,14,10,'2.54,Mon Mar 02 2026 17:09:20 GMT+0800 (中国标准时间),1772442560
佛手猫王,14,10,'0.76,Mon Mar 02 2026 17:09:25 GMT+0800 (中国标准时间),1772442565
佛手猫王,14,10,'1.09,Mon Mar 02 2026 17:09:32 GMT+0800 (中国标准时间),1772442572
佛手猫王,14,10,'0.71,Mon Mar 02 2026 17:09:36 GMT+0800 (中国标准时间),1772442576
佛手猫王,14,10,'1.97,Mon Mar 02 2026 17:09:41 GMT+0800 (中国标准时间),1772442581
佛手猫王,14,10,'0.64,Mon Mar 02 2026 17:09:45 GMT+0800 (中国标准时间),1772442585
百生吟子,14,10,'2.85,Mon Mar 02 2026 18:26:50 GMT+0800 (香港标准时间),1772447210
百生吟子,20,14,'4.43,Mon Mar 02 2026 18:27:52 GMT+0800 (香港标准时间),1772447272
百生吟子,20,14,'1.20,Mon Mar 02 2026 18:28:24 GMT+0800 (香港标准时间),1772447304
安养寺姬芽,14,10,'1.72,Tue Mar 03 2026 14:27:10 GMT+0800 (中国标准时间),1772519230
klias,14,10,'2.44,Tue Mar 03 2026 14:28:47 GMT+0800 (中国标准时间),1772519327
klias,14,10,'1.71,Tue Mar 03 2026 14:29:13 GMT+0800 (中国标准时间),1772519353
klias,14,10,'1.49,Tue Mar 03 2026 14:29:34 GMT+0800 (中国标准时间),1772519374
桂城泉,14,10,'1.84,Wed Mar 04 2026 00:04:39 GMT+0800 (中国标准时间),1772553879
桂城泉,20,14,'2.11,Wed Mar 04 2026 00:08:34 GMT+0800 (中国标准时间),1772554114
安养寺姬芽,14,10,'2.51,Wed Mar 04 2026 11:19:28 GMT+0800 (中国标准时间),1772594368
村野沙耶香,14,10,'2.07,Thu Mar 05 2026 07:58:05 GMT+0800 (中国标准时间),1772668685
鸡皮,20,14,'3.23,Thu Mar 05 2026 07:58:23 GMT+0800 (中国标准时间),1772668703
鸡皮,20,14,'3.03,Thu Mar 05 2026 07:58:42 GMT+0800 (中国标准时间),1772668722
鸡皮,20,14,'5.39,Thu Mar 05 2026 07:58:54 GMT+0800 (中国标准时间),1772668734
鸡皮,20,14,'1.77,Thu Mar 05 2026 07:59:01 GMT+0800 (中国标准时间),1772668741
鸡皮,20,14,'2.49,Thu Mar 05 2026 07:59:41 GMT+0800 (中国标准时间),1772668781
夕雾缀理,14,10,'2.36,Thu Mar 05 2026 14:57:10 GMT+0800 (中国标准时间),1772693830
夕雾缀理,14,10,'1.52,Thu Mar 05 2026 16:17:10 GMT+0800 (中国标准时间),1772698630
夕雾缀理,20,14,'1.49,Fri Mar 06 2026 19:25:41 GMT+0800 (中国标准时间),1772796341
纯路人,14,10,'2.74,Sat Mar 07 2026 11:14:28 GMT+0800 (中国标准时间),1772853268
king of opium,9,9,'1.10,Sat Mar 07 2026 13:23:13 GMT+0800 (中国标准时间),1772860993
king of opium,9,9,'0.65,Sat Mar 07 2026 13:29:35 GMT+0800 (中国标准时间),1772861375
藤岛慈,14,10,'2.44,Sat Mar 07 2026 23:28:13 GMT+0800 (中国标准时间),1772897293
藤岛慈,14,10,'2.22,Sat Mar 07 2026 23:28:43 GMT+0800 (中国标准时间),1772897323
藤岛慈,14,10,'1.15,Sat Mar 07 2026 23:28:49 GMT+0800 (中国标准时间),1772897329
藤岛慈,14,10,'2.64,Sat Mar 07 2026 23:29:03 GMT+0800 (中国标准时间),1772897343
藤岛慈,14,10,'1.20,Sat Mar 07 2026 23:29:39 GMT+0800 (中国标准时间),1772897379
藤岛慈,14,10,'2.84,Sat Mar 07 2026 23:29:55 GMT+0800 (中国标准时间),1772897395
藤岛慈,14,10,'2.34,Sat Mar 07 2026 23:29:59 GMT+0800 (中国标准时间),1772897399
藤岛慈,14,10,'1.85,Sat Mar 07 2026 23:30:07 GMT+0800 (中国标准时间),1772897407
藤岛慈,14,10,'1.79,Sat Mar 07 2026 23:30:28 GMT+0800 (中国标准时间),1772897428
藤岛慈,14,10,'1.12,Sat Mar 07 2026 23:30:33 GMT+0800 (中国标准时间),1772897433
藤岛慈,14,10,'2.94,Sat Mar 07 2026 23:30:37 GMT+0800 (中国标准时间),1772897437
藤岛慈,14,10,'2.49,Sat Mar 07 2026 23:30:41 GMT+0800 (中国标准时间),1772897441
藤岛慈,14,10,'0.84,Sat Mar 07 2026 23:30:46 GMT+0800 (中国标准时间),1772897446
藤岛慈,14,10,'1.48,Sat Mar 07 2026 23:30:54 GMT+0800 (中国标准时间),1772897454
藤岛慈,14,10,'1.49,Sat Mar 07 2026 23:31:02 GMT+0800 (中国标准时间),1772897462
藤岛慈,14,10,'0.97,Sat Mar 07 2026 23:31:06 GMT+0800 (中国标准时间),1772897466
藤岛慈,14,10,'1.54,Sat Mar 07 2026 23:31:12 GMT+0800 (中国标准时间),1772897472
藤岛慈,14,10,'1.03,Sat Mar 07 2026 23:31:18 GMT+0800 (中国标准时间),1772897478
藤岛慈,14,10,'1.89,Sat Mar 07 2026 23:31:32 GMT+0800 (中国标准时间),1772897492
徒町小铃,20,14,'2.08,Sun Mar 08 2026 17:23:28 GMT+0800 (中国标准时间),1772961808
塞拉斯·柳田·利林费尔德,14,10,'1.60,Sun Mar 08 2026 19:52:30 GMT+0800 (中国标准时间),1772970750
塞拉斯·柳田·利林费尔德,14,10,'1.88,Sun Mar 08 2026 19:52:37 GMT+0800 (中国标准时间),1772970757
塞拉斯·柳田·利林费尔德,14,10,'1.33,Sun Mar 08 2026 19:52:42 GMT+0800 (中国标准时间),1772970762
nb,14,10,'2.21,Sun Mar 08 2026 22:30:37 GMT+0800 (中国标准时间),1772980237
藤岛慈,14,10,'2.85,Mon Mar 09 2026 15:25:32 GMT+0800 (中国标准时间),1773041132
日野下花帆,14,10,'1.82,Thu Mar 12 2026 11:27:13 GMT+0800 (中国标准时间),1773286033
日野下花帆,14,10,'1.24,Thu Mar 12 2026 17:27:24 GMT+0800 (中国标准时间),1773307644
日野下花帆,20,14,'3.01,Thu Mar 12 2026 17:27:51 GMT+0800 (中国标准时间),1773307671
桂城泉,14,10,'1.83,Fri Mar 13 2026 23:02:22 GMT+0800 (中国标准时间),1773414142
桂城泉,14,10,'2.26,Sat Mar 14 2026 03:25:29 GMT+0800 (中国标准时间),1773429929
yumi,14,10,'1.86,Sat Mar 14 2026 15:47:03 GMT+0800 (中国标准时间),1773474423
百生吟子,14,10,'2.34,Sat Mar 14 2026 15:47:27 GMT+0800 (中国标准时间),1773474447
日野下花帆,14,10,'1.73,Sat Mar 14 2026 15:50:14 GMT+0800 (中国标准时间),1773474614
セラス·柳田·リリエンフェルト,14,10,'1.30,Sat Mar 14 2026 15:50:27 GMT+0800 (中国标准时间),1773474627
百生吟子,14,10,'2.07,Sat Mar 14 2026 15:52:16 GMT+0800 (中国标准时间),1773474736
百生吟子,20,20,'4.30,Sat Mar 14 2026 15:53:57 GMT+0800 (中国标准时间),1773474837
百生吟子,20,20,'2.82,Sat Mar 14 2026 15:54:32 GMT+0800 (中国标准时间),1773474872
百生吟子,20,20,'1.56,Sat Mar 14 2026 15:56:00 GMT+0800 (中国标准时间),1773474960
大泽瑠璃乃,20,20,'1.72,Sat Mar 14 2026 15:57:01 GMT+0800 (中国标准时间),1773475021
日野下花帆,20,20,'3.35,Sat Mar 14 2026 16:00:17 GMT+0800 (中国标准时间),1773475217
藤岛慈,20,14,'3.51,Sun Mar 15 2026 05:13:38 GMT+0800 (中国标准时间),1773522818
百生吟子,14,10,'1.36,Sun Mar 15 2026 15:20:33 GMT+0800 (中国标准时间),1773559233
塞拉斯·柳田·利林费尔德,14,10,'2.91,Sun Mar 15 2026 17:12:54 GMT+0800 (中国标准时间),1773565974
m淳,14,10,'2.23,Sun Mar 15 2026 17:16:30 GMT+0800 (中国标准时间),1773566190
百生吟子,14,10,'2.57,Sun Mar 15 2026 20:26:27 GMT+0800 (中国标准时间),1773577587
百生吟子,14,10,'1.50,Mon Mar 16 2026 11:08:48 GMT+0800 (中国标准时间),1773630528
百生吟子,14,10,'2.57,Tue Mar 17 2026 00:17:27 GMT+0800 (中国标准时间),1773677847
村野沙耶香,14,10,'1.93,Tue Mar 17 2026 00:19:34 GMT+0800 (中国标准时间),1773677974
村野沙耶香,14,10,'1.29,Tue Mar 17 2026 00:20:20 GMT+0800 (中国标准时间),1773678020
村野沙耶香,14,10,'2.56,Tue Mar 17 2026 15:47:06 GMT+0800 (中国标准时间),1773733626
日野下花帆,14,10,'1.99,Tue Mar 17 2026 17:00:33 GMT+0800 (中国标准时间),1773738033
火化,14,10,'1.00,Wed Mar 18 2026 20:32:22 GMT+0800 (中国标准时间),1773837142
火化,14,10,'1.89,Wed Mar 18 2026 20:33:28 GMT+0800 (中国标准时间),1773837208
火化,14,10,'2.36,Wed Mar 18 2026 20:34:52 GMT+0800 (中国标准时间),1773837292
火化,14,10,'2.41,Wed Mar 18 2026 20:35:25 GMT+0800 (中国标准时间),1773837325
火化,14,10,'2.98,Wed Mar 18 2026 20:35:31 GMT+0800 (中国标准时间),1773837331
火化,14,10,'1.10,Wed Mar 18 2026 20:41:17 GMT+0800 (中国标准时间),1773837677
火化,14,10,'1.75,Wed Mar 18 2026 20:41:59 GMT+0800 (中国标准时间),1773837719
乙宗梢,14,10,'2.12,Thu Mar 19 2026 10:46:00 GMT+0800 (中国标准时间),1773888360
乙宗梢,14,10,'1.42,Thu Mar 19 2026 10:47:24 GMT+0800 (中国标准时间),1773888444
桂城泉,14,10,'1.85,Thu Mar 19 2026 16:10:21 GMT+0800 (中国标准时间),1773907821
夕雾缀理,14,10,'1.84,Thu Mar 19 2026 23:51:03 GMT+0800 (中国标准时间),1773935463
夕雾缀理,14,10,'1.91,Sat Mar 21 2026 21:45:31 GMT+0800 (中国标准时间),1774100731
乙宗梢,14,10,'2.12,Sat Mar 21 2026 22:14:11 GMT+0800 (中国标准时间),1774102451
日野下花帆,14,10,'1.82,Sun Mar 22 2026 10:05:24 GMT+0800 (中国标准时间),1774145124
Taccel,14,10,'2.22,Sun Mar 22 2026 19:59:52 GMT+0800 (中国标准时间),1774180792
Taccel,14,14,'2.93,Sun Mar 22 2026 20:00:34 GMT+0800 (中国标准时间),1774180834
村野沙耶香,14,10,'2.20,Mon Mar 23 2026 02:34:21 GMT+0800 (中国标准时间),1774204461
村野沙耶香,14,10,'2.09,Mon Mar 23 2026 21:33:10 GMT+0800 (中国标准时间),1774272790
河海大学,14,10,'0.91,Mon Mar 23 2026 21:33:24 GMT+0800 (中国标准时间),1774272804
安养寺姬芽,14,10,'1.43,Tue Mar 24 2026 03:33:41 GMT+0800 (中国标准时间),1774294421
村野沙耶香,14,10,'2.13,Tue Mar 24 2026 05:41:40 GMT+0800 (中国标准时间),1774302100
村野沙耶香,14,10,'1.20,Tue Mar 24 2026 05:41:49 GMT+0800 (中国标准时间),1774302109
安养寺姬芽,20,14,'4.01,Tue Mar 24 2026 08:22:40 GMT+0800 (中国标准时间),1774311760
安养寺姬芽,14,10,'1.77,Tue Mar 24 2026 08:22:51 GMT+0800 (中国标准时间),1774311771
塞拉斯·柳田·利林费尔德,14,10,'2.14,Tue Mar 24 2026 11:51:10 GMT+0800 (中国标准时间),1774324270
塞拉斯·柳田·利林费尔德,14,10,'1.40,Tue Mar 24 2026 15:35:19 GMT+0800 (中国标准时间),1774337719
安养寺姬芽,14,10,'2.24,Tue Mar 24 2026 16:00:16 GMT+0800 (中国标准时间),1774339216
日野下花帆,14,10,'1.91,Tue Mar 24 2026 16:01:35 GMT+0800 (中国标准时间),1774339295
日野下花帆,14,10,'2.24,Tue Mar 24 2026 16:01:41 GMT+0800 (中国标准时间),1774339301
日野下花帆,14,10,'0.93,Tue Mar 24 2026 16:01:46 GMT+0800 (中国标准时间),1774339306
日野下花帆,14,10,'1.60,Tue Mar 24 2026 16:01:53 GMT+0800 (中国标准时间),1774339313
日野下花帆,14,10,'1.29,Tue Mar 24 2026 16:01:59 GMT+0800 (中国标准时间),1774339319
日野下花帆,14,10,'1.26,Tue Mar 24 2026 16:02:06 GMT+0800 (中国标准时间),1774339326
塞拉斯·柳田·利林费尔德,14,10,'2.53,Wed Mar 25 2026 12:59:18 GMT+0800 (中国标准时间),1774414758
安养寺姬芽,14,10,'1.65,Wed Mar 25 2026 23:46:50 GMT+0800 (中国标准时间),1774453610
安养寺姬芽,20,14,'1.35,Wed Mar 25 2026 23:47:29 GMT+0800 (中国标准时间),1774453649
安养寺姬芽,20,14,'3.11,Wed Mar 25 2026 23:47:37 GMT+0800 (中国标准时间),1774453657
安养寺姬芽,20,14,'0.91,Wed Mar 25 2026 23:47:46 GMT+0800 (中国标准时间),1774453666
安养寺姬芽,14,10,'0.98,Wed Mar 25 2026 23:47:58 GMT+0800 (中国标准时间),1774453678
村野沙耶香,9,9,'1.53,Thu Mar 26 2026 09:11:19 GMT+0800 (中国标准时间),1774487479
日野下花帆,14,10,'2.05,Fri Mar 27 2026 00:59:52 GMT+0800 (中国标准时间),1774544392
薄荷猫1,14,10,'1.48,Fri Mar 27 2026 01:02:29 GMT+0800 (中国标准时间),1774544549
日野下花帆,14,10,'2.56,Fri Mar 27 2026 01:03:05 GMT+0800 (中国标准时间),1774544585
薄荷猫2,14,10,'0.92,Fri Mar 27 2026 01:04:05 GMT+0800 (中国标准时间),1774544645
塞拉斯·柳田·利林费尔德,14,10,'2.36,Fri Mar 27 2026 14:09:13 GMT+0800 (中国标准时间),1774591753
日野下花帆,14,10,'1.53,Sat Mar 28 2026 16:55:12 GMT+0700 (中南半岛时间),1774691712
日野下花帆,14,10,'2.51,Sat Mar 28 2026 16:55:17 GMT+0700 (中南半岛时间),1774691717
日野下花帆,14,10,'1.68,Sat Mar 28 2026 16:55:25 GMT+0700 (中南半岛时间),1774691725
日野下花帆,14,10,'1.98,Sat Mar 28 2026 16:55:42 GMT+0700 (中南半岛时间),1774691742
宇智波斑(神驹祐将),14,14,'4.09,Sat Mar 28 2026 21:28:02 GMT+0800 (CST),1774704482
宇智波斑(神驹祐将),14,10,'2.90,Sat Mar 28 2026 21:30:30 GMT+0800 (CST),1774704630
宇智波斑(神驹祐将),14,10,'2.50,Sat Mar 28 2026 21:31:19 GMT+0800 (CST),1774704679
夕雾缀理,14,10,'1.05,Sat Mar 28 2026 21:33:02 GMT+0800 (CST),1774704782
夕雾缀理,14,10,'1.05,Sat Mar 28 2026 21:33:02 GMT+0800 (CST),1774704782
夕雾缀理,14,10,'1.05,Sat Mar 28 2026 21:33:02 GMT+0800 (CST),1774704782
波风水门（秽土转生）,14,10,'0.94,Sat Mar 28 2026 21:34:56 GMT+0800 (CST),1774704896
波风水门（秽土转生）,14,10,'2.07,Sat Mar 28 2026 21:35:57 GMT+0800 (CST),1774704957
波风水门（秽土转生）,14,10,'0.73,Sat Mar 28 2026 21:36:29 GMT+0800 (CST),1774704989
波风水门（秽土转生）,14,10,'0.73,Sat Mar 28 2026 21:36:29 GMT+0800 (CST),1774704989
夕雾缀理,49,59,'9.93,Sat Mar 28 2026 21:39:26 GMT+0800 (CST),1774705166
帕尔默,49,59,'1.24,Sat Mar 28 2026 21:44:27 GMT+0800 (CST),1774705467
帕尔默,49,59,'12.51,Sat Mar 28 2026 21:45:05 GMT+0800 (CST),1774705505
日野下花帆,14,10,'2.97,Sun Mar 29 2026 02:35:21 GMT+0800 (China Standard Time),1774722921
2个逗号,20,14,'3.39,Sun Mar 29 2026 11:59:29 GMT+0800 (中国标准时间),1774756769
徒町小铃,14,10,'2.02,Tue Mar 31 2026 13:20:05 GMT+0800 (中国标准时间),1774934405
徒町小铃,14,10,'1.61,Tue Mar 31 2026 13:20:23 GMT+0800 (中国标准时间),1774934423
徒町小铃,14,10,'1.92,Tue Mar 31 2026 19:35:30 GMT+0800 (中国标准时间),1774956930
百生吟子,20,14,'1.68,Wed Apr 01 2026 01:35:32 GMT+0800 (中国标准时间),1774978532
枫糖,14,10,'1.76,Wed Apr 01 2026 18:08:15 GMT+0800 (中国标准时间),1775038095
枫糖,14,10,'2.85,Wed Apr 01 2026 18:10:26 GMT+0800 (中国标准时间),1775038226
徒町小铃,14,10,'2.47,Thu Apr 02 2026 00:24:22 GMT+0800 (中国标准时间),1775060662
安养寺姬芽,14,10,'1.80,Thu Apr 02 2026 13:26:18 GMT+0800 (中国标准时间),1775107578
压力,14,10,'2.70,Thu Apr 02 2026 17:23:24 GMT+0800 (中国标准时间),1775121804
压力,20,14,'1.10,Thu Apr 02 2026 17:23:51 GMT+0800 (中国标准时间),1775121831
压力,20,20,'2.50,Thu Apr 02 2026 17:24:04 GMT+0800 (中国标准时间),1775121844
压力,14,10,'0.89,Thu Apr 02 2026 17:24:23 GMT+0800 (中国标准时间),1775121863
塞拉斯·柳田·利林费尔德,14,10,'1.79,Fri Apr 03 2026 05:29:41 GMT+0800 (中国标准时间),1775165381
桂城泉,14,10,'1.74,Fri Apr 03 2026 10:10:39 GMT+0800 (中国标准时间),1775182239
安养寺姬芽,14,10,'2.00,Fri Apr 03 2026 14:13:12 GMT+0800 (中国标准时间),1775196792
乡愿丶强,14,10,'2.83,Sat Apr 04 2026 06:41:21 GMT+0800 (中国标准时间),1775256081
百生吟子,14,10,'2.10,Sat Apr 04 2026 18:56:31 GMT+0800 (中国标准时间),1775300191
少羽,14,10,'1.20,Sun Apr 05 2026 10:21:01 GMT+0800 (中国标准时间),1775355661
少羽,14,10,'1.01,Sun Apr 05 2026 10:22:29 GMT+0800 (中国标准时间),1775355749
少羽,14,10,'1.81,Sun Apr 05 2026 10:22:39 GMT+0800 (中国标准时间),1775355759
少羽,14,10,'0.72,Sun Apr 05 2026 10:26:48 GMT+0800 (中国标准时间),1775356008
少羽,14,10,'0.56,Sun Apr 05 2026 10:27:03 GMT+0800 (中国标准时间),1775356023
少羽,14,10,'0.68,Sun Apr 05 2026 10:27:14 GMT+0800 (中国标准时间),1775356034
少羽,14,10,'0.58,Sun Apr 05 2026 10:27:25 GMT+0800 (中国标准时间),1775356045
少羽,20,14,'0.64,Sun Apr 05 2026 10:28:21 GMT+0800 (中国标准时间),1775356101
塞拉斯·柳田·利林费尔德,20,14,'0.70,Sun Apr 05 2026 10:29:57 GMT+0800 (中国标准时间),1775356197
周杰伦,20,14,'0.70,Sun Apr 05 2026 10:30:16 GMT+0800 (中国标准时间),1775356216
周杰伦,20,14,'0.51,Sun Apr 05 2026 10:30:57 GMT+0800 (中国标准时间),1775356257
周杰伦,20,14,'0.59,Sun Apr 05 2026 10:31:05 GMT+0800 (中国标准时间),1775356265
周杰伦,20,14,'0.57,Sun Apr 05 2026 10:31:13 GMT+0800 (中国标准时间),1775356273
周杰伦,20,14,'0.51,Sun Apr 05 2026 10:31:20 GMT+0800 (中国标准时间),1775356280
周杰伦,20,14,'0.55,Sun Apr 05 2026 10:31:44 GMT+0800 (中国标准时间),1775356304
周杰伦,20,14,'0.50,Sun Apr 05 2026 10:31:50 GMT+0800 (中国标准时间),1775356310
周杰伦,20,14,'0.76,Sun Apr 05 2026 10:32:14 GMT+0800 (中国标准时间),1775356334
周杰伦,20,14,'0.55,Sun Apr 05 2026 10:32:24 GMT+0800 (中国标准时间),1775356344
塞拉斯·柳田·利林费尔德,14,10,'1.92,Sun Apr 05 2026 22:43:16 GMT+0800 (中国标准时间),1775400196
塞拉斯·柳田·利林费尔德,14,10,'2.61,Sun Apr 05 2026 22:43:29 GMT+0800 (中国标准时间),1775400209
塞拉斯·柳田·利林费尔德,20,14,'2.12,Sun Apr 05 2026 22:43:47 GMT+0800 (中国标准时间),1775400227
塞拉斯·柳田·利林费尔德,20,14,'1.80,Sun Apr 05 2026 22:44:03 GMT+0800 (中国标准时间),1775400243
安养寺姬芽,14,10,'1.72,Mon Apr 06 2026 10:30:52 GMT+0800 (China Standard Time),1775442652
大泽瑠璃乃,14,10,'2.97,Mon Apr 06 2026 15:35:25 GMT+0800 (中国标准时间),1775460925
大泽瑠璃乃,14,10,'2.75,Mon Apr 06 2026 15:37:11 GMT+0800 (中国标准时间),1775461031
恋元祈露宝,14,10,'0.99,Mon Apr 06 2026 18:19:26 GMT+0800 (中国标准时间),1775470766
锋锋sama,20,14,'1.02,Tue Apr 07 2026 01:10:39 GMT+0800 (中国标准时间),1775495439
锋锋sama,20,14,'0.62,Tue Apr 07 2026 01:11:18 GMT+0800 (中国标准时间),1775495478
水墨咸鱼,14,10,'2.27,Tue Apr 07 2026 17:52:10 GMT+0800 (中国标准时间),1775555530
水墨咸鱼,14,10,'1.08,Tue Apr 07 2026 17:52:51 GMT+0800 (中国标准时间),1775555571
水墨咸鱼,20,14,'1.76,Tue Apr 07 2026 18:04:53 GMT+0800 (中国标准时间),1775556293
大泽瑠璃乃,14,10,'1.03,Tue Apr 07 2026 20:47:04 GMT+0800 (中国标准时间),1775566024
coder_ac,20,14,'1.86,Tue Apr 07 2026 21:35:36 GMT+0800 (中国标准时间),1775568936
菜鸟,14,10,'1.32,Wed Apr 08 2026 05:54:54 GMT+0800 (中国标准时间),1775598894
桂城泉,20,14,'2.24,Wed Apr 08 2026 10:57:14 GMT+0800 (中国标准时间),1775617034
藤岛慈,14,10,'2.97,Wed Apr 08 2026 15:43:58 GMT+0800 (中国标准时间),1775634238
藤岛慈,20,14,'3.93,Thu Apr 09 2026 04:27:30 GMT+0800 (中国标准时间),1775680050
日野下花帆,14,10,'1.02,Fri Apr 10 2026 11:53:36 GMT+0800 (中国标准时间),1775793216
桂城泉,14,10,'1.21,Sat Apr 11 2026 10:46:53 GMT+0800 (中国标准时间),1775875613
村野沙耶香,14,10,'1.27,Sat Apr 11 2026 11:45:34 GMT+0800 (中国标准时间),1775879134
夕雾缀理,14,10,'2.22,Sat Apr 11 2026 22:24:10 GMT+0800 (中国标准时间),1775917450
村野沙耶香,14,10,'2.63,Sat Apr 11 2026 23:32:19 GMT-0500 (中部夏令時間),1775968339
乙宗梢,14,10,'1.16,Sun Apr 12 2026 20:02:24 GMT+0800 (中国标准时间),1775995344
藤岛慈,14,10,'2.71,Mon Apr 13 2026 10:44:50 GMT+0800 (中国标准时间),1776048290
cube,14,10,'2.67,Mon Apr 13 2026 20:16:15 GMT+0800 (中国标准时间),1776082575
大泽瑠璃乃,14,10,'2.10,Mon Apr 13 2026 23:34:14 GMT+0800 (CST),1776094454
哈哈哈Face with Tears of Joy,14,10,'1.49,Mon Apr 13 2026 23:34:35 GMT+0800 (CST),1776094475
大泽瑠璃乃,14,10,'1.84,Tue Apr 14 2026 15:29:13 GMT+0800 (中国标准时间),1776151753
大泽瑠璃乃,14,10,'1.71,Thu Apr 16 2026 01:04:18 GMT+0800 (中国标准时间),1776272658
大泽瑠璃乃,14,10,'2.18,Thu Apr 16 2026 01:04:28 GMT+0800 (中国标准时间),1776272668
大泽瑠璃乃,14,10,'2.74,Thu Apr 16 2026 01:05:11 GMT+0800 (中国标准时间),1776272711
大泽瑠璃乃,14,10,'2.33,Thu Apr 16 2026 01:06:01 GMT+0800 (中国标准时间),1776272761
大泽瑠璃乃,14,10,'2.03,Thu Apr 16 2026 01:08:56 GMT+0800 (中国标准时间),1776272936
安养寺姬芽,14,10,'2.50,Fri Apr 17 2026 14:50:33 GMT+0800 (中国标准时间),1776408633
村野沙耶香,14,10,'2.67,Fri Apr 17 2026 17:11:30 GMT+0800 (中国标准时间),1776417090
日野下花帆,14,10,'2.13,Fri Apr 17 2026 22:31:28 GMT+0800 (中国标准时间),1776436288
日野下花帆,14,10,'1.38,Fri Apr 17 2026 22:31:37 GMT+0800 (中国标准时间),1776436297
徒町小铃,20,20,'5.90,Sat Apr 18 2026 13:24:56 GMT+0800 (中国标准时间),1776489896
徒町小铃,20,20,'2.43,Sat Apr 18 2026 13:25:16 GMT+0800 (中国标准时间),1776489916
村野沙耶香,14,10,'2.31,Sat Apr 18 2026 19:55:36 GMT+0800 (中国标准时间),1776513336
村野沙耶香,14,10,'1.91,Sat Apr 18 2026 19:55:43 GMT+0800 (中国标准时间),1776513343
徒町小铃,14,10,'1.22,Sat Apr 18 2026 21:12:52 GMT+0800 (中国标准时间),1776517972
徒町小铃,14,10,'1.44,Sat Apr 18 2026 21:14:08 GMT+0800 (中国标准时间),1776518048
徒町小铃,14,10,'2.93,Sat Apr 18 2026 21:14:25 GMT+0800 (中国标准时间),1776518065
徒町小铃,14,10,'2.56,Sat Apr 18 2026 21:14:54 GMT+0800 (中国标准时间),1776518094
徒町小铃,20,14,'5.08,Sat Apr 18 2026 21:15:22 GMT+0800 (中国标准时间),1776518122
徒町小铃,20,14,'4.43,Sat Apr 18 2026 21:16:51 GMT+0800 (中国标准时间),1776518211
乙宗梢,14,10,'1.63,Sat Apr 18 2026 23:15:34 GMT+0800 (中国标准时间),1776525334
大泽瑠璃乃,20,14,'2.55,Sun Apr 19 2026 10:49:10 GMT+0800 (中国标准时间),1776566950
勤劳的易拉罐,20,14,'1.62,Sun Apr 19 2026 10:53:25 GMT+0800 (中国标准时间),1776567205
勤劳的易拉罐,14,10,'1.19,Sun Apr 19 2026 10:59:06 GMT+0800 (中国标准时间),1776567546
勤劳的易拉罐,14,14,'1.29,Sun Apr 19 2026 10:59:46 GMT+0800 (中国标准时间),1776567586
大泽瑠璃乃,20,14,'1.99,Sun Apr 19 2026 16:01:54 GMT+0800 (中国标准时间),1776585714
大泽瑠璃乃,20,14,'4.71,Sun Apr 19 2026 16:02:11 GMT+0800 (中国标准时间),1776585731
百生吟子,20,14,'3.01,Mon Apr 20 2026 11:26:24 GMT+0800 (中国标准时间),1776655584
安养寺姬芽,14,10,'2.56,Mon Apr 20 2026 14:13:54 GMT+0800 (中国标准时间),1776665634
徒町小铃,14,10,'2.51,Mon Apr 20 2026 18:33:54 GMT+0800 (中国标准时间),1776681234
桂城泉,14,10,'2.22,Tue Apr 21 2026 09:26:19 GMT+0800 (中国标准时间),1776734779
此花辉夜,14,10,'2.75,Wed Apr 22 2026 19:01:14 GMT+0800 (中国标准时间),1776855674
日野下花帆,14,10,'1.84,Thu Apr 23 2026 15:28:43 GMT+0800 (中国标准时间),1776929323
藤岛慈,14,10,'1.91,Thu Apr 23 2026 15:29:07 GMT+0800 (中国标准时间),1776929347
藤岛慈,14,10,'1.93,Thu Apr 23 2026 15:29:17 GMT+0800 (中国标准时间),1776929357
牛逼,14,10,'1.79,Thu Apr 23 2026 22:42:45 GMT+0800 (中国标准时间),1776955365
114,14,10,'2.43,Fri Apr 24 2026 10:51:05 GMT+0800 (中國標準時間),1776999065
114,14,10,'1.10,Fri Apr 24 2026 10:52:55 GMT+0800 (中國標準時間),1776999175
114,14,10,'1.03,Fri Apr 24 2026 10:53:11 GMT+0800 (中國標準時間),1776999191
114,14,10,'1.14,Fri Apr 24 2026 10:53:23 GMT+0800 (中國標準時間),1776999203
塞拉斯·柳田·利林费尔德,14,10,'1.37,Fri Apr 24 2026 13:51:14 GMT+0800 (GMT+08:00),1777009874
塞拉斯·柳田·利林费尔德,14,10,'1.75,Fri Apr 24 2026 17:05:33 GMT+0800 (中国标准时间),1777021533
大泽瑠璃乃,14,10,'2.65,Fri Apr 24 2026 15:06:33 GMT+0200 (heure d’été d’Europe centrale),1777035993
高桥波尔卡,14,10,'1.53,Fri Apr 24 2026 22:03:28 GMT+0800 (中国标准时间),1777039408
高桥波尔卡,14,10,'1.24,Fri Apr 24 2026 22:03:36 GMT+0800 (中国标准时间),1777039416
安养寺姬芽,14,10,'1.73,Sat Apr 25 2026 10:15:24 GMT+0800 (中国标准时间),1777083324
此花辉夜,14,10,'2.10,Sat Apr 25 2026 13:36:49 GMT+0800 (中国标准时间),1777095409
此花辉夜,14,10,'2.53,Sat Apr 25 2026 13:36:57 GMT+0800 (中国标准时间),1777095417
金泽奇迹,14,10,'2.67,Sun Apr 26 2026 16:04:31 GMT+0800 (中国标准时间),1777190671
安养寺姬芽,14,10,'1.00,Sun Apr 26 2026 16:05:04 GMT+0800 (中国标准时间),1777190704
调布乃理子,14,10,'2.75,Mon Apr 27 2026 10:58:25 GMT+0800 (中国标准时间),1777258705
调布乃理子,14,10,'1.66,Tue Apr 28 2026 01:07:43 GMT+0800 (中国标准时间),1777309663
调布乃理子,14,10,'1.18,Tue Apr 28 2026 01:07:54 GMT+0800 (中国标准时间),1777309674
调布乃理子,20,14,'1.23,Tue Apr 28 2026 01:08:12 GMT+0800 (中国标准时间),1777309692
夕雾缀理,14,10,'2.58,Thu Apr 30 2026 09:21:05 GMT+0800 (中国标准时间),1777512065
夕雾缀理,14,10,'0.98,Thu Apr 30 2026 09:21:15 GMT+0800 (中国标准时间),1777512075
夕雾缀理,14,10,'1.52,Thu Apr 30 2026 09:21:23 GMT+0800 (中国标准时间),1777512083
驹形花火,14,10,'2.64,Thu Apr 30 2026 23:52:15 GMT+0800 (中国标准时间),1777564335
驹形花火,14,10,'2.20,Thu Apr 30 2026 23:53:39 GMT+0800 (中国标准时间),1777564419
金泽奇迹,20,20,'2.62,Sat May 02 2026 21:26:48 GMT+0800 (中国标准时间),1777728408
灿,14,10,'2.73,Sun May 03 2026 00:31:34 GMT+0800 (China Standard Time),1777739494
塞拉斯·柳田·利林费尔德,14,10,'1.61,Sun May 03 2026 01:41:19 GMT+0800 (中国标准时间),1777743679
大泽瑠璃乃,14,10,'2.65,Sun May 03 2026 18:21:37 GMT+0800 (中国标准时间),1777803697
大泽瑠璃乃,14,10,'1.52,Sun May 03 2026 18:22:03 GMT+0800 (中国标准时间),1777803723
大泽瑠璃乃,14,10,'1.05,Sun May 03 2026 18:22:16 GMT+0800 (中国标准时间),1777803736
大泽瑠璃乃,14,10,'1.24,Sun May 03 2026 18:24:01 GMT+0800 (中国标准时间),1777803841
大泽瑠璃乃,14,10,'1.11,Sun May 03 2026 18:25:55 GMT+0800 (中国标准时间),1777803955
大泽瑠璃乃,14,10,'1.06,Sun May 03 2026 18:26:09 GMT+0800 (中国标准时间),1777803969
大泽瑠璃乃,14,10,'0.90,Sun May 03 2026 18:26:24 GMT+0800 (中国标准时间),1777803984
Huytimeclock,20,14,'2.67,Mon May 04 2026 10:35:57 GMT+0700 (越南标准时间),1777865757
Huytimeclock,20,14,'1.34,Mon May 04 2026 10:40:59 GMT+0700 (越南标准时间),1777866059
Huytimeclock,30,30,'4.05,Mon May 04 2026 10:42:16 GMT+0700 (越南标准时间),1777866136
Huytimeclock,30,30,'2.45,Mon May 04 2026 10:43:28 GMT+0700 (越南标准时间),1777866208
Huytimeclock,100,25,'1.14,Mon May 04 2026 10:45:52 GMT+0700 (越南标准时间),1777866352
麻布麻衣,14,10,'1.23,Mon May 04 2026 21:27:23 GMT+0800 (中国标准时间),1777901243
666,14,10,'2.08,Tue May 05 2026 23:59:39 GMT+0800 (中国标准时间),1777996779
666,14,10,'1.82,Wed May 06 2026 00:00:04 GMT+0800 (中国标准时间),1777996804
666,20,14,'1.78,Wed May 06 2026 00:00:36 GMT+0800 (中国标准时间),1777996836
666,20,14,'2.25,Wed May 06 2026 00:00:54 GMT+0800 (中国标准时间),1777996854
藤岛慈,14,10,'2.73,Fri May 08 2026 20:41:13 GMT+0800 (中国标准时间),1778244073
山田真绿,14,10,'2.92,Tue May 12 2026 22:07:25 GMT+0800 (中国标准时间),1778594845
驹形花火,14,10,'1.05,Wed May 13 2026 11:09:29 GMT+0800 (中国标准时间),1778641769
驹形花火,14,10,'1.85,Wed May 13 2026 11:09:45 GMT+0800 (中国标准时间),1778641785
村野沙耶香,14,10,'1.91,Wed May 13 2026 16:59:57 GMT+0800 (中国标准时间),1778662797
一位不想透露名字的高人,20,20,'1.66,Wed May 13 2026 21:17:11 GMT+0800 (CST),1778678231
一位不想透露名字的高人,20,14,'4.76,Wed May 13 2026 21:18:15 GMT+0800 (CST),1778678295
一位不想透露名字的高人,20,14,'4.61,Wed May 13 2026 21:18:34 GMT+0800 (CST),1778678314
一位不想透露名字的高人,20,14,'2.59,Wed May 13 2026 21:20:02 GMT+0800 (CST),1778678402
一位不想透露名字的高人,20,14,'3.60,Wed May 13 2026 21:20:39 GMT+0800 (CST),1778678439
一位不想透露名字的高人,20,14,'3.21,Wed May 13 2026 21:20:47 GMT+0800 (CST),1778678447
Administrator,14,10,'1.52,Thu May 14 2026 00:33:50 GMT+0800 (中国标准时间),1778690030
咕咕嘎嘎,20,14,'1.09,Thu May 14 2026 06:58:22 GMT+0800 (CST),1778713102
塞拉斯·柳田·利林费尔德,14,10,'1.08,Thu May 14 2026 17:34:55 GMT+0800 (中国标准时间),1778751295
塞拉斯·柳田·利林费尔德,14,10,'2.89,Thu May 14 2026 17:35:05 GMT+0800 (中国标准时间),1778751305
。,14,10,'1.99,Thu May 14 2026 20:07:05 GMT+0800 (中国标准时间),1778760425
haix,14,10,'2.59,Fri May 15 2026 03:15:33 GMT+0800 (中国标准时间),1778786133
haix,14,10,'0.78,Fri May 15 2026 03:16:10 GMT+0800 (中国标准时间),1778786170
haix,14,10,'2.02,Fri May 15 2026 03:16:14 GMT+0800 (中国标准时间),1778786174
haix,14,10,'0.82,Fri May 15 2026 03:16:19 GMT+0800 (中国标准时间),1778786179
haix,20,14,'1.64,Fri May 15 2026 03:16:27 GMT+0800 (中国标准时间),1778786187
haix,20,14,'0.96,Fri May 15 2026 03:16:33 GMT+0800 (中国标准时间),1778786193
haix,20,14,'0.90,Fri May 15 2026 03:16:37 GMT+0800 (中国标准时间),1778786197
haix,20,14,'0.81,Fri May 15 2026 03:16:43 GMT+0800 (中国标准时间),1778786203
haix,20,14,'1.45,Fri May 15 2026 03:16:52 GMT+0800 (中国标准时间),1778786212
pcfxpcfx,14,10,'2.56,Sat May 16 2026 23:59:04 GMT+0800 (香港标准时间),1778947144
pcfxpcfx,14,10,'2.17,Sat May 16 2026 23:59:30 GMT+0800 (香港标准时间),1778947170
pcfxpcfx,14,10,'0.93,Sun May 17 2026 00:00:00 GMT+0800 (香港标准时间),1778947200
pcfxpcfx,14,10,'2.99,Sun May 17 2026 00:00:49 GMT+0800 (香港标准时间),1778947249
pcfxpcfx,14,10,'1.58,Sun May 17 2026 00:01:05 GMT+0800 (香港标准时间),1778947265
pcfxpcfx,14,10,'1.49,Sun May 17 2026 00:01:58 GMT+0800 (香港标准时间),1778947318
pcfxpcfx,14,10,'2.27,Sun May 17 2026 00:02:30 GMT+0800 (香港标准时间),1778947350
Lubism,14,10,'2.73,Sun May 17 2026 05:11:56 GMT+0800 (中国标准时间),1778965916
Lubism,14,10,'0.78,Sun May 17 2026 05:12:34 GMT+0800 (中国标准时间),1778965954
徒町小铃i,20,20,'2.21,Sun May 17 2026 09:43:12 GMT+0800 (中国标准时间),1778982192
百生吟子,14,10,'1.26,Sun May 17 2026 20:39:34 GMT+0800 (中国标准时间),1779021574
百生吟子,14,10,'2.43,Sun May 17 2026 20:39:48 GMT+0800 (中国标准时间),1779021588
百生吟子t,14,10,'1.79,Sun May 17 2026 20:39:55 GMT+0800 (中国标准时间),1779021595
百生吟子t,14,10,'1.66,Sun May 17 2026 20:40:06 GMT+0800 (中国标准时间),1779021606
百生吟子t,14,10,'1.01,Sun May 17 2026 20:40:15 GMT+0800 (中国标准时间),1779021615
百生吟子t,14,10,'0.73,Sun May 17 2026 20:40:21 GMT+0800 (中国标准时间),1779021621
百生吟子t,14,10,'0.69,Sun May 17 2026 20:40:25 GMT+0800 (中国标准时间),1779021625
百生吟子t,14,10,'0.79,Sun May 17 2026 20:40:41 GMT+0800 (中国标准时间),1779021641
百生吟子t,14,10,'0.86,Sun May 17 2026 20:40:51 GMT+0800 (中国标准时间),1779021651
百生吟子t,14,10,'0.69,Sun May 17 2026 20:40:54 GMT+0800 (中国标准时间),1779021654
百生吟子t,14,10,'0.68,Sun May 17 2026 20:41:07 GMT+0800 (中国标准时间),1779021667
百生吟子t,14,10,'0.70,Sun May 17 2026 20:41:18 GMT+0800 (中国标准时间),1779021678
百生吟子t,14,10,'0.61,Sun May 17 2026 20:41:21 GMT+0800 (中国标准时间),1779021681
百生吟子t,14,10,'1.39,Sun May 17 2026 20:41:35 GMT+0800 (中国标准时间),1779021695
百生吟子t,14,10,'0.71,Sun May 17 2026 20:41:43 GMT+0800 (中国标准时间),1779021703
百生吟子t,14,10,'0.71,Sun May 17 2026 20:42:00 GMT+0800 (中国标准时间),1779021720
百生吟子t,14,10,'0.69,Sun May 17 2026 20:42:03 GMT+0800 (中国标准时间),1779021723
百生吟子t,14,10,'0.78,Sun May 17 2026 20:42:12 GMT+0800 (中国标准时间),1779021732
百生吟子t,14,10,'0.58,Sun May 17 2026 20:42:15 GMT+0800 (中国标准时间),1779021735
百生吟子t,14,10,'0.56,Sun May 17 2026 20:42:30 GMT+0800 (中国标准时间),1779021750
百生吟子t,14,10,'0.67,Sun May 17 2026 20:42:48 GMT+0800 (中国标准时间),1779021768
百生吟子t,14,10,'0.79,Sun May 17 2026 20:42:52 GMT+0800 (中国标准时间),1779021772
百生吟子t,14,10,'0.59,Sun May 17 2026 20:43:01 GMT+0800 (中国标准时间),1779021781
百生吟子t,14,10,'0.82,Sun May 17 2026 20:43:14 GMT+0800 (中国标准时间),1779021794
大泽瑠璃乃,14,10,'2.12,Sun May 17 2026 21:15:28 GMT+0800 (中国标准时间),1779023728
大泽瑠璃乃,14,10,'2.11,Mon May 18 2026 03:15:40 GMT+0800 (中国标准时间),1779045340
佐佐木翔音,14,10,'1.92,Mon May 18 2026 10:29:06 GMT+0800 (中国标准时间),1779071346
佐佐木翔音,14,10,'2.19,Mon May 18 2026 22:39:51 GMT+0800 (中国标准时间),1779115191
王瓦瓦,14,10,'2.49,Tue May 19 2026 22:56:22 GMT+0800 (中国标准时间),1779202582
王瓦瓦,14,10,'2.40,Tue May 19 2026 22:57:39 GMT+0800 (中国标准时间),1779202659
王瓦瓦,14,10,'2.15,Tue May 19 2026 22:58:20 GMT+0800 (中国标准时间),1779202700
王瓦瓦,14,10,'1.73,Tue May 19 2026 22:58:37 GMT+0800 (中国标准时间),1779202717
王瓦瓦,14,10,'2.66,Tue May 19 2026 22:58:52 GMT+0800 (中国标准时间),1779202732
广告哥,14,10,'1.44,Tue May 19 2026 22:59:12 GMT+0800 (中国标准时间),1779202752
村野沙耶香,14,10,'2.47,Wed May 20 2026 13:14:39 GMT+0800 (中国标准时间),1779254079
安养寺姬芽,14,10,'2.46,Wed May 20 2026 15:21:51 GMT+0800 (中国标准时间),1779261711
调布乃理子,14,10,'2.63,Thu May 21 2026 14:28:00 GMT+0800 (中国标准时间),1779344880
调布乃理子,14,10,'2.00,Thu May 21 2026 14:28:19 GMT+0800 (中国标准时间),1779344899
金泽奇迹,14,10,'1.28,Thu May 21 2026 16:08:51 GMT+0800 (中国标准时间),1779350931
贾子虚,14,10,'1.60,Thu May 21 2026 19:52:52 GMT+0800 (香港标准时间),1779364372
贾子虚,14,10,'2.90,Thu May 21 2026 19:53:52 GMT+0800 (香港标准时间),1779364432
金泽奇迹,14,10,'1.17,Thu May 21 2026 20:20:12 GMT+0800 (中国标准时间),1779366012
金泽奇迹,14,10,'1.53,Thu May 21 2026 20:21:02 GMT+0800 (中国标准时间),1779366062
我叫杨嘉豪,14,10,'1.52,Thu May 21 2026 21:12:09 GMT+0800 (中国标准时间),1779369129
驹形花火,14,10,'1.27,Fri May 22 2026 16:05:46 GMT+0800 (中国标准时间),1779437146
9178ccx,14,10,'0.98,Fri May 22 2026 16:12:15 GMT+0800 (中国标准时间),1779437535
佐佐木明希木翔音,14,10,'0.94,Fri May 22 2026 23:03:50 GMT+0800 (中国标准时间),1779462230
佐佐木明希木翔音,20,14,'1.91,Fri May 22 2026 23:04:10 GMT+0800 (中国标准时间),1779462250
乙宗梢,14,10,'2.01,Sat May 23 2026 12:03:11 GMT+0800 (中国标准时间),1779508991
佐佐木翔音,14,10,'2.40,Sat May 23 2026 17:38:06 GMT+0800 (中国标准时间),1779529086
Kamia,14,10,'2.44,Sat May 23 2026 21:31:17 GMT+0800 (香港標準時間),1779543077
乙宗梢,14,10,'1.55,Sun May 24 2026 16:20:21 GMT+0800 (GMT+08:00),1779610821
TTK06,14,10,'2.47,Mon May 25 2026 14:31:26 GMT+0800 (中国标准时间),1779690686
dmitri,14,10,'1.47,Mon May 25 2026 22:20:29 GMT+0800 (中国标准时间),1779718829
dmitri2,14,10,'1.36,Mon May 25 2026 22:20:55 GMT+0800 (中国标准时间),1779718855
哦哦,14,10,'1.34,Mon May 25 2026 22:22:41 GMT+0800 (中国标准时间),1779718961
哦哦,14,10,'0.89,Mon May 25 2026 22:23:05 GMT+0800 (中国标准时间),1779718985
哦哦,1331,5,'4.69,Mon May 25 2026 22:24:28 GMT+0800 (中国标准时间),1779719068
哦哦,5,5,'0.53,Mon May 25 2026 22:24:47 GMT+0800 (中国标准时间),1779719087
哦哦,5,7,'0.59,Mon May 25 2026 22:25:01 GMT+0800 (中国标准时间),1779719101
Gruppa Krovi,10,20,'0.76,Mon May 25 2026 22:25:48 GMT+0800 (中国标准时间),1779719148
tiansuo haoer,114,514,'22.74,Mon May 25 2026 22:28:01 GMT+0800 (中国标准时间),1779719281
tiansuo haoer,1145,1,'13.11,Mon May 25 2026 22:32:47 GMT+0800 (中国标准时间),1779719567
村野沙耶香,14,10,'2.78,Tue May 26 2026 00:19:26 GMT+0800 (中国标准时间),1779725966
Pouting Face,60,20,'1.84,Tue May 26 2026 20:55:26 GMT+0800 (中国标准时间),1779800126
DNAzyme,14,10,'2.55,Wed May 27 2026 12:26:51 GMT+0800 (中国标准时间),1779856011
DNAzyme,14,10,'2.33,Wed May 27 2026 12:29:04 GMT+0800 (中国标准时间),1779856144
百生吟子,14,10,'1.95,Wed May 27 2026 15:29:13 GMT+0800 (中国标准时间),1779866953
zxc,14,10,'2.16,Thu May 28 2026 14:18:10 GMT+0800 (中国标准时间),1779949090
村野沙耶香,14,10,'2.89,Fri May 29 2026 01:05:34 GMT+0800 (中国标准时间),1779987934
安养寺姬芽,20,14,'2.47,Fri May 29 2026 09:58:45 GMT+0800 (中国标准时间),1780019925
夕雾缀理,14,10,'2.16,Fri May 29 2026 16:02:12 GMT+0800 (中国标准时间),1780041732
Pouting Face,19,21,'1.09,Fri May 29 2026 21:12:28 GMT+0800 (中国标准时间),1780060348
春宫悠可里,14,10,'2.92,Sat May 30 2026 00:17:54 GMT+0800 (中国标准时间),1780071474
yinglanglv.999,14,10,'1.54,Sat May 30 2026 12:40:08 GMT+0800 (中国标准时间),1780116008
山田真绿,14,10,'1.46,Sat May 30 2026 18:52:43 GMT+0800 (中国标准时间),1780138363
夕雾缀理,20,14,'3.69,Sat May 30 2026 23:06:33 GMT+0800 (中国标准时间),1780153593
五桐玲,14,10,'1.48,Sun May 31 2026 21:53:51 GMT+0800 (中国标准时间),1780235631
狮鹅蛇,14,10,'0.65,Sun May 31 2026 21:54:32 GMT+0800 (中国标准时间),1780235672
此花辉夜,14,10,'2.61,Mon Jun 01 2026 08:04:13 GMT+0800 (中国标准时间),1780272253
此花辉夜,14,10,'2.68,Mon Jun 01 2026 08:04:26 GMT+0800 (中国标准时间),1780272266
调布乃理子,14,10,'1.53,Mon Jun 01 2026 11:09:36 GMT+0800 (中国标准时间),1780283376
调布乃理子,14,10,'2.18,Mon Jun 01 2026 11:09:50 GMT+0800 (中国标准时间),1780283390
调布乃理子,14,10,'1.85,Mon Jun 01 2026 11:09:55 GMT+0800 (中国标准时间),1780283395
supan,14,10,'2.59,Mon Jun 01 2026 17:27:08 GMT+0800 (中国标准时间),1780306028
supan,14,10,'2.92,Mon Jun 01 2026 17:28:03 GMT+0800 (中国标准时间),1780306083
supan,20,14,'3.00,Mon Jun 01 2026 17:28:49 GMT+0800 (中国标准时间),1780306129
supan,20,14,'3.67,Mon Jun 01 2026 17:28:57 GMT+0800 (中国标准时间),1780306137
supan,14,10,'2.66,Mon Jun 01 2026 17:29:59 GMT+0800 (中国标准时间),1780306199
supan,14,10,'1.64,Mon Jun 01 2026 17:30:27 GMT+0800 (中国标准时间),1780306227
訾祺,14,10,'1.65,Fri Jun 05 2026 15:34:56 GMT+0800 (中国标准时间),1780644896
春宫悠可里,14,10,'2.26,Fri Jun 05 2026 20:27:42 GMT+0800 (中国标准时间),1780662462
佐佐木翔音,14,10,'2.06,Sat Jun 06 2026 20:29:56 GMT+0800 (中国标准时间),1780748996
金泽奇迹,14,10,'2.43,Sun Jun 07 2026 16:50:13 GMT+0800 (中国标准时间),1780822213
村野沙耶香,14,10,'2.58,Sun Jun 07 2026 17:44:26 GMT+0800 (中国标准时间),1780825466
乙宗梢,14,10,'2.69,Sun Jun 07 2026 21:12:27 GMT+0800 (中国标准时间),1780837947
驹形花火,14,10,'1.78,Sun Jun 07 2026 21:56:40 GMT+0800 (中国标准时间),1780840600
金泽奇迹,14,10,'1.19,Mon Jun 08 2026 05:11:28 GMT+0800 (中国标准时间),1780866688
安养寺姬芽,14,10,'2.50,Mon Jun 08 2026 11:11:18 GMT+0800 (中国标准时间),1780888278
五桐玲,14,10,'1.46,Mon Jun 08 2026 19:41:45 GMT+0800 (中国标准时间),1780918905
五桐玲,14,10,'2.82,Mon Jun 08 2026 19:41:55 GMT+0800 (中国标准时间),1780918915
缨子,14,10,'1.69,Mon Jun 08 2026 19:42:05 GMT+0800 (中国标准时间),1780918925
高桥波尔卡,14,10,'2.98,Mon Jun 08 2026 22:25:37 GMT+0800 (中国标准时间),1780928737
驹形花火,14,10,'2.16,Mon Jun 08 2026 22:58:36 GMT+0800 (中国标准时间),1780930716
桂城泉,14,10,'2.21,Tue Jun 09 2026 14:11:55 GMT+0800 (中国标准时间),1780985515
麻布麻衣,14,10,'2.64,Wed Jun 10 2026 11:02:22 GMT+0800 (中国标准时间),1781060542
麻布麻衣,14,10,'1.82,Wed Jun 10 2026 11:02:41 GMT+0800 (中国标准时间),1781060561
麻布麻衣,14,10,'2.88,Wed Jun 10 2026 11:03:13 GMT+0800 (中国标准时间),1781060593
临风,14,10,'1.74,Wed Jun 10 2026 21:01:28 GMT+0800 (中国标准时间),1781096488
临风,14,10,'0.83,Wed Jun 10 2026 21:01:42 GMT+0800 (中国标准时间),1781096502
春宫悠可里,14,10,'1.73,Thu Jun 11 2026 01:13:29 GMT+0800 (中国标准时间),1781111609
山田真绿,14,10,'2.69,Thu Jun 11 2026 02:26:45 GMT+0800 (中国标准时间),1781116005
